Item/Point,Version anglaise,Version française,,,,,,,,,,,,,,
Data File Name / Nom du fichier de données,Cause-Effect-Biodiversity-Monitoring-Landbirds-2014_Sites.csv,Cause-Effect-Biodiversity-Monitoring-Landbirds-2014_Sites.csv,,,,,,,,,,,,,,
Date File Generated / Date de fichier généré,03/07/2012,03/07/2012,,,,,,,,,,,,,,
Context Note / Note contextuelle,"Cause-Effect Monitoring Data: Dataset 2 (2014) on boreal bird species across a gradient of oil sands development–related disturbance (low to very high) within the Athabasca oil sands area is available. Data are available for 12 062 individual birds representing 141 species from 884 sample sites. Sample sites include both survey grids of 9 point count sites and matched pairs of point count sites (1 point count in pipeline, seismic line, wellsite or road, and 1 point count in adjacent undisturbed habitat). This activity monitors how birds respond to a gradient of oil sands–specific exploration, extraction and development activities at a regional scale.These data contribute to: a.improving the design of monitoring programs; b.explaining observed trends in populations (why bird populations are increasing or decreasing); c.predicting population sizes within the oil sands area; and d.assessing the individual, additive and cumulative effects of oil sands and other resource development on boreal birds.
","Données de surveillance des causes et des effets: L’ensemble de données 2 (2014) sur les espèces d’oiseaux boréales sur un gradient de perturbations lié à l’exploitation des sables bitumineux (de bas à très élevé) à l’intérieur de la zone des sables bitumineux de l’Athabasca est disponible. Des données sont disponibles pour 12 062 oiseaux particuliers représentant 141 espèces provenant de 884 sites d’échantillonnage. Les sites d’échantillonnage comprennent les deux grilles de neuf sites de dénombrement ponctuel et des paires appariées de sites de dénombrement ponctuel (un dénombrement ponctuel dans la zone du pipeline, de la ligne sismique, du chantier du forage ou de la route et un dénombrement ponctuel dans un habitat non perturbé adjacent). Cette activité surveille la façon dont les oiseaux réagissent à un gradient d’activités d’exploration, d’extraction et de développement propres aux sables bitumineux à l’échelle régionale. Ces données contribuent à : a.améliorer les programmes de surveillance; b.expliquer les tendances de population observées (les raisons qui expliquent l’augmentation ou la diminution des populations); c.prédire la taille des populations à l’intérieur de la zone des sables bitumineux; et d.évaluer les effets individuels, additifs et cumulatifs de l’exploitation des sables bitumineux et d’autres développements des ressources sur les oiseaux boréaux.",,,,,,,,,,,,,,
Organization Name / Nom de l’organisme,Environment and Climate Change Canada,Environnement et Changement climatique Canada ,,,,,,,,,,,,,,
Organization Contact Information / Coor-données de l’organisation ,"200 Sacre-Coeur Blvd, Gatineau, Quebec,  K1A 0H3","200, boul. Sacré Coeur, Gatineau (Québec)  K1A 0H3",,,,,,,,,,,,,,
Email / Courriel,enviroinfo@canada.ca,enviroinfo@canada.ca,,,,,,,,,,,,,,
Program / Programme,"Joint Canada-Alberta Implementation Plan for Oil Sands Monitoring (JOSM),Biodiversity and Land Disturbance Implementation Plan Activities – Cause-Effect Monitoring - Migratory Landbirds (http://www.publications.gc.ca/site/eng/436043/publication.html)","Plan de mise en œuvre conjoint Canada-Alberta pour la surveillance visant les sables bitumineux (JOSM), Activités du plan de mise en œuvre de la sur
veillance de la biodiversité et des perturbations du terrain – Surveillance des causes et des effets  - oiseaux terrestres (http://www.publications.gc.ca/site/eng/436043/publication.html)",,,,,,,,,,,,,,
Principal Investigator / Chercheur Principal,Lisa Mahon,,,,,,,,,,,,,,,
Data Steward / Intendant des données,Judith Toms,,,,,,,,,,,,,,,
Data Steward Affiliation / Affiliation d'intendant des données,"Environment and Climate Change Canada, Canadian Wildlife Service ","Environnement et Changement climatique Canada, Service canadien de la faune",,,,,,,,,,,,,,
Open Government Licence-Canada / Licence du gouver-nement ouvert – Canada,http://open.canada.ca/en/open-government-licence-canada,http://ouvert.canada.ca/fr/licence-du-gouvernement-ouvert-canada,,,,,,,,,,,,,,
Attribution / ,"Environment and Climate Change Canada, [Year Accessed].  Cause-Effect-Biodiversity-Monitoring-Landbirds-2014_Sites.csv, generated 2012-03-07. Accessed on [Year-Month-Day] from [Name and URL of the data portal].","Environnement et Changement climatique Canada, [année de la consultation]. Cause-Effect-Biodiversity-Monitoring-Landbirds-2014_Sites.csv, générée 2012-03-07. Téléchargé le [année-mois-jour] depuis [Nom et URL du portail de données].",,,,,,,,,,,,,,
Acknowledgement statement / Énoncé de reconnaissance,The author(s) acknowledge Environment and Climate Change Canada and Brion Energy for the provision of [type of] data accessed from [Name and URL of the data portal].  [If applicable:  The original data/data files were modified and redistributed and/or used to produce derivative work as follows: …enter details…].    ,"Le ou les auteur(s) reconnaissent Environnement et Changement climatique Canada et Brion Energy pour la prestation du [type de] données consultées depuis [Nom et URL du portail de données]. [S’il y a lieu : les données/fichiers de données d’origine ont été modifiés, redistribués et/ou utilisés pour des travaux dérivés, à savoir : …précisez…].    ",,,,,,,,,,,,,,
Quality Assurance Level and Disclaimer ,"Level 1, defined as a complete data set of specified quality that consists of research products subjected to quality assurance and quality control checks and data management procedures.","Définition du niveau 1 : ensemble de données complet d’une qualité précisée, qui regroupe des produits de recherche soumis à des vérifications d’assurance et de contrôle de la qualité et à des procédures de gestion des données.",,,,,,,,,,,,,,
,,,,,,,,,,,,,,,,
SiteID,SurveyArea,Datum,UTM?,Northing,Easting,Zone,Longitude,Latitude,CoordSource,FeatureType,PointType,HFlevel,ObserverID,GroundTruth,DateEst,Access
CL20001G,CL200,NAD83,No,n_a,n_a,n_a,-113.3396629,55.3117792,GIS,point,G,Low,28,TRUE,6/13/2014,road
CL20002G,CL200,NAD83,No,n_a,n_a,n_a,-113.3333711,55.31155814,GIS,point,G,Low,32,TRUE,6/13/2014,road
CL20003G,CL200,NAD83,No,n_a,n_a,n_a,-113.3270795,55.31133676,GIS,point,G,Low,32,TRUE,6/13/2014,road
CL20004G,CL200,NAD83,No,n_a,n_a,n_a,-113.3401723,55.30818029,GIS,point,G,Low,28,TRUE,6/13/2014,road
CL20005G,CL200,NAD83,No,n_a,n_a,n_a,-113.3338826,55.30794597,GIS,point,G,Low,28,TRUE,6/13/2014,road
CL20005N,CL200,NAD83,No,n_a,n_a,n_a,-113.3551271,55.31337727,GIS,point,N,Low,32,TRUE,6/13/2014,road
CL20005W,CL200,NAD83,No,n_a,n_a,n_a,-113.3522279,55.31690645,GIS,point,W,Low,32,TRUE,6/13/2014,road
CL20006G,CL200,NAD83,No,n_a,n_a,n_a,-113.327593,55.30771133,GIS,point,G,Low,32,TRUE,6/13/2014,road
CL20007G,CL200,NAD83,No,n_a,n_a,n_a,-113.3406471,55.30461287,GIS,point,G,Low,28,TRUE,6/13/2014,road
CL20008G,CL200,NAD83,No,n_a,n_a,n_a,-113.334358,55.30437794,GIS,point,G,Low,28,TRUE,6/13/2014,road
CL20008N,CL200,NAD83,No,n_a,n_a,n_a,-113.3562776,55.31898258,GIS,point,N,Low,32,TRUE,6/13/2014,road
CL20008P,CL200,NAD83,No,n_a,n_a,n_a,-113.3430846,55.31544391,GIS,point,P,Low,32,TRUE,6/13/2014,road
CL20009G,CL200,NAD83,No,n_a,n_a,n_a,-113.328069,55.30414268,GIS,point,G,Low,28,TRUE,6/13/2014,road
CL20009P,CO200,NAD83,No,n_a,n_a,n_a,-113.3569424,55.31535999,GIS,point,P,Low,32,TRUE,6/13/2014,road
CO20001G,CO200,NAD83,No,n_a,n_a,n_a,-111.0581032,55.34139841,GIS,point,G,High,32,TRUE,5/30/2014,road
CO20002G,CO200,NAD83,No,n_a,n_a,n_a,-111.0579465,55.34499035,GIS,point,G,High,32,TRUE,5/30/2014,road
CO20003G,CO200,NAD83,No,n_a,n_a,n_a,-111.0577897,55.34858229,GIS,point,G,High,32,TRUE,5/30/2014,road
CO20004G,CO200,NAD83,No,n_a,n_a,n_a,-111.051519,55.348456,GIS,point,G,High,32,TRUE,5/30/2014,road
CO20005G,CO200,NAD83,No,n_a,n_a,n_a,-111.0516752,55.34486406,GIS,point,G,High,32,TRUE,5/30/2014,road
CO20006G,CO200,NAD83,No,n_a,n_a,n_a,-111.0518314,55.34127213,GIS,point,G,High,32,TRUE,5/30/2014,road
CO20007G,CO200,NAD83,No,n_a,n_a,n_a,-111.0454587,55.34112647,GIS,point,G,High,32,TRUE,5/30/2014,road
CO20008G,CO200,NAD83,No,n_a,n_a,n_a,-111.0453253,55.3447187,GIS,point,G,High,32,TRUE,5/30/2014,road
CO20009G,CO200,NAD83,No,n_a,n_a,n_a,-111.0451918,55.34831093,GIS,point,G,High,32,TRUE,5/30/2014,road
CO20010G,CO200,NAD83,No,n_a,n_a,n_a,-111.0072064,55.34167362,GIS,point,G,High,28,TRUE,5/30/2014,road
CO20011G,CO200,NAD83,No,n_a,n_a,n_a,-111.0073267,55.34526594,GIS,point,G,High,28,TRUE,5/30/2014,road
CO20012G,CO200,NAD83,No,n_a,n_a,n_a,-111.0074471,55.34885827,GIS,point,G,High,28,TRUE,5/30/2014,road
CO20013G,CO200,NAD83,No,n_a,n_a,n_a,-111.0011728,55.34888913,GIS,point,G,High,28,TRUE,5/30/2014,road
CO20014G,CO200,NAD83,No,n_a,n_a,n_a,-111.0010519,55.34529682,GIS,point,G,High,28,TRUE,5/30/2014,road
CO20015G,CO200,NAD83,No,n_a,n_a,n_a,-111.0009309,55.34170451,GIS,point,G,High,28,TRUE,5/30/2014,road
CO20016G,CO200,NAD83,No,n_a,n_a,n_a,-110.9945532,55.34171858,GIS,point,G,High,28,TRUE,5/30/2014,road
CO20017G,CO200,NAD83,No,n_a,n_a,n_a,-110.9946969,55.34531061,GIS,point,G,High,28,TRUE,5/30/2014,road
CO20018G,CO201,NAD83,No,n_a,n_a,n_a,-110.9948406,55.34890263,GIS,point,G,High,28,TRUE,5/30/2014,road
CO20101G,CO201,NAD83,No,n_a,n_a,n_a,-110.8096032,55.40350627,GIS,point,G,MediumLow,28,TRUE,5/28/2014,road
CO20102G,CO201,NAD83,No,n_a,n_a,n_a,-110.8157379,55.40265718,GIS,point,G,MediumLow,32,TRUE,5/28/2014,road
CO20103G,CO201,NAD83,No,n_a,n_a,n_a,-110.8218725,55.40180777,GIS,point,G,MediumLow,32,TRUE,5/28/2014,road
CO20104G,CO201,NAD83,No,n_a,n_a,n_a,-110.8232945,55.40529003,GIS,point,G,MediumLow,32,TRUE,5/28/2014,road
CO20105G,CO201,NAD83,No,n_a,n_a,n_a,-110.8171598,55.40614013,GIS,point,G,MediumLow,32,TRUE,5/28/2014,road
CO20106G,CO201,NAD83,No,n_a,n_a,n_a,-110.8110247,55.40698991,GIS,point,G,MediumLow,28,TRUE,5/28/2014,road
CO20107G,CO201,NAD83,No,n_a,n_a,n_a,-110.8124406,55.41053406,GIS,point,G,MediumLow,28,TRUE,5/28/2014,road
CO20108G,CO201,NAD83,No,n_a,n_a,n_a,-110.8185706,55.4096713,GIS,point,G,MediumLow,28,TRUE,5/28/2014,road
CO20109G,CO202,NAD83,No,n_a,n_a,n_a,-110.8247003,55.40880822,GIS,point,G,MediumLow,32,TRUE,5/28/2014,road
CO20201G,CO202,NAD83,No,n_a,n_a,n_a,-110.8612947,55.4568803,GIS,point,G,MediumHigh,32,TRUE,5/27/2014,road
CO20201N,CO202,NAD83,No,n_a,n_a,n_a,-110.8863954,55.46158088,GIS,point,N,MediumHigh,28,TRUE,5/27/2014,road
CO20201P,CO202,NAD83,No,n_a,n_a,n_a,-110.8913506,55.45847523,GIS,point,P,MediumHigh,28,TRUE,5/27/2014,road
CO20202G,CO202,NAD83,No,n_a,n_a,n_a,-110.8676017,55.45713102,GIS,point,G,MediumHigh,32,TRUE,5/27/2014,road
CO20203G,CO202,NAD83,No,n_a,n_a,n_a,-110.8739088,55.45738142,GIS,point,G,MediumHigh,28,TRUE,5/27/2014,road
CO20204G,CO202,NAD83,No,n_a,n_a,n_a,-110.8734052,55.46094504,GIS,point,G,MediumHigh,28,TRUE,5/27/2014,road
CO20205G,CO202,NAD83,No,n_a,n_a,n_a,-110.8670975,55.46069525,GIS,point,G,MediumHigh,32,TRUE,5/27/2014,road
CO20206G,CO202,NAD83,No,n_a,n_a,n_a,-110.8607898,55.46044513,GIS,point,G,MediumHigh,32,TRUE,5/27/2014,road
CO20207G,CO202,NAD83,No,n_a,n_a,n_a,-110.8602468,55.46406661,GIS,point,G,MediumHigh,32,TRUE,5/27/2014,road
CO20208G,CO202,NAD83,No,n_a,n_a,n_a,-110.8665566,55.46430349,GIS,point,G,MediumHigh,32,TRUE,5/27/2014,road
CO20209G,CO202,NAD83,No,n_a,n_a,n_a,-110.8728665,55.46454005,GIS,point,G,MediumHigh,32,TRUE,5/27/2014,road
CO20213N,CO202,NAD83,No,n_a,n_a,n_a,-110.884545,55.46730861,GIS,point,N,MediumHigh,28,TRUE,5/27/2014,road
CO20213S,CO203,NAD83,No,n_a,n_a,n_a,-110.8896125,55.46905525,GIS,point,S,MediumHigh,28,TRUE,5/27/2014,road
CO20301G,CO203,NAD83,No,n_a,n_a,n_a,-110.948231,55.52877587,GIS,point,G,High,87,TRUE,5/30/2014,road
CO20302G,CO203,NAD83,No,n_a,n_a,n_a,-110.9539635,55.52724772,GIS,point,G,High,26,TRUE,5/30/2014,road
CO20302N,CO203,NAD83,No,n_a,n_a,n_a,-110.9165772,55.51604206,GIS,point,N,High,87,TRUE,5/30/2014,road
CO20302W,CO203,NAD83,No,n_a,n_a,n_a,-110.9405487,55.51772403,GIS,point,W,High,87,TRUE,5/30/2014,road
CO20303G,CO203,NAD83,No,n_a,n_a,n_a,-110.9596956,55.5257193,GIS,point,G,High,26,TRUE,5/30/2014,road
CO20303N,CO203,NAD83,No,n_a,n_a,n_a,-110.9110874,55.51516351,GIS,point,N,High,87,TRUE,5/30/2014,road
CO20303W,CO203,NAD83,No,n_a,n_a,n_a,-110.913113,55.5200479,GIS,point,W,High,87,TRUE,5/30/2014,road
CO20304G,CO203,NAD83,No,n_a,n_a,n_a,-110.9623177,55.52897043,GIS,point,G,High,26,TRUE,5/30/2014,road
CO20305G,CO203,NAD83,No,n_a,n_a,n_a,-110.9565857,55.53049955,GIS,point,G,High,26,TRUE,5/30/2014,road
CO20306G,CO203,NAD83,No,n_a,n_a,n_a,-110.9508533,55.53202839,GIS,point,G,High,26,TRUE,5/30/2014,road
CO20307G,CO203,NAD83,No,n_a,n_a,n_a,-110.9534914,55.53534086,GIS,point,G,High,26,TRUE,5/30/2014,road
CO20308G,CO203,NAD83,No,n_a,n_a,n_a,-110.9592142,55.53379987,GIS,point,G,High,26,TRUE,5/30/2014,road
CO20309G,CO204,NAD83,No,n_a,n_a,n_a,-110.9649365,55.5322586,GIS,point,G,High,26,TRUE,5/30/2014,road
CO20401G,CO204,NAD83,No,n_a,n_a,n_a,-110.8506953,55.53594824,GIS,point,G,High,87,TRUE,5/27/2014,road
CO20402G,CO204,NAD83,No,n_a,n_a,n_a,-110.8570292,55.53588285,GIS,point,G,High,26,TRUE,5/27/2014,road
CO20403G,CO204,NAD83,No,n_a,n_a,n_a,-110.8633632,55.53581714,GIS,point,G,High,26,TRUE,5/27/2014,road
CO20403N,CO204,NAD83,No,n_a,n_a,n_a,-110.8479957,55.53293009,GIS,point,N,High,87,TRUE,5/27/2014,road
CO20403W,CO204,NAD83,No,n_a,n_a,n_a,-110.8418681,55.53171903,GIS,point,W,High,87,TRUE,5/27/2014,road
CO20404G,CO204,NAD83,No,n_a,n_a,n_a,-110.8634132,55.53939207,GIS,point,G,High,26,TRUE,5/27/2014,road
CO20405G,CO204,NAD83,No,n_a,n_a,n_a,-110.8570786,55.53945842,GIS,point,G,High,26,TRUE,5/27/2014,road
CO20406G,CO204,NAD83,No,n_a,n_a,n_a,-110.8507441,55.53952444,GIS,point,G,High,26,TRUE,5/27/2014,road
CO20407G,CO204,NAD83,No,n_a,n_a,n_a,-110.8507637,55.54315898,GIS,point,G,High,26,TRUE,5/27/2014,road
CO20408G,CO204,NAD83,No,n_a,n_a,n_a,-110.8570984,55.54307966,GIS,point,G,High,26,TRUE,5/27/2014,road
CO20409G,CO206,NAD83,No,n_a,n_a,n_a,-110.8634331,55.54300002,GIS,point,G,High,26,TRUE,5/27/2014,road
CO20601G,CO206,NAD83,No,n_a,n_a,n_a,-110.7230161,55.65235594,GIS,point,G,High,26,TRUE,6/30/2014,road
CO20602G,CO206,NAD83,No,n_a,n_a,n_a,-110.7246123,55.65583317,GIS,point,G,High,26,TRUE,6/30/2014,road
CO20603G,CO206,NAD83,No,n_a,n_a,n_a,-110.7262087,55.65931038,GIS,point,G,High,26,TRUE,6/30/2014,road
CO20604G,CO206,NAD83,No,n_a,n_a,n_a,-110.7200717,55.66017228,GIS,point,G,High,26,TRUE,6/30/2014,road
CO20605G,CO206,NAD83,No,n_a,n_a,n_a,-110.7184747,55.65669516,GIS,point,G,High,26,TRUE,6/30/2014,road
CO20605N,CO206,NAD83,No,n_a,n_a,n_a,-110.7290302,55.68060391,GIS,point,N,High,87,TRUE,6/30/2014,road
CO20605P,CO206,NAD83,No,n_a,n_a,n_a,-110.7202906,55.68214412,GIS,point,P,High,87,TRUE,6/30/2014,road
CO20606G,CO206,NAD83,No,n_a,n_a,n_a,-110.716878,55.65321802,GIS,point,G,High,26,TRUE,6/30/2014,road
CO20606N,CO206,NAD83,No,n_a,n_a,n_a,-110.717476,55.68799774,GIS,point,N,High,87,TRUE,6/30/2014,road
CO20606P,CO206,NAD83,No,n_a,n_a,n_a,-110.7223004,55.6861912,GIS,point,P,High,87,TRUE,6/30/2014,road
CO20607G,CO206,NAD83,No,n_a,n_a,n_a,-110.7106324,55.65407732,GIS,point,G,High,26,TRUE,6/30/2014,road
CO20607N,CO206,NAD83,No,n_a,n_a,n_a,-110.7105738,55.68656598,GIS,point,N,High,87,TRUE,6/30/2014,road
CO20607W,CO206,NAD83,No,n_a,n_a,n_a,-110.712715,55.68343458,GIS,point,W,High,87,TRUE,6/30/2014,road
CO20608G,CO206,NAD83,No,n_a,n_a,n_a,-110.7122514,55.65755116,GIS,point,G,High,26,TRUE,6/30/2014,road
CO20609G,CO209,NAD83,No,n_a,n_a,n_a,-110.7138707,55.66102499,GIS,point,G,High,26,TRUE,6/30/2014,road
CO20901G,CO209,NAD83,No,n_a,n_a,n_a,-110.8296313,55.80653043,GIS,point,G,MediumHigh,26,TRUE,5/31/2014,road
CO20902G,CO209,NAD83,No,n_a,n_a,n_a,-110.8359944,55.80678367,GIS,point,G,MediumHigh,87,TRUE,5/31/2014,road
CO20903G,CO209,NAD83,No,n_a,n_a,n_a,-110.8423576,55.80703658,GIS,point,G,MediumHigh,87,TRUE,5/31/2014,road
CO20904G,CO209,NAD83,No,n_a,n_a,n_a,-110.8418451,55.81059981,GIS,point,G,MediumHigh,87,TRUE,5/31/2014,road
CO20905G,CO209,NAD83,No,n_a,n_a,n_a,-110.8354812,55.8103475,GIS,point,G,MediumHigh,87,TRUE,5/31/2014,road
CO20905N,CO209,NAD83,No,n_a,n_a,n_a,-110.7926347,55.81315145,GIS,point,N,MediumHigh,26,TRUE,5/31/2014,road
CO20905P,CO209,NAD83,No,n_a,n_a,n_a,-110.8087941,55.8189003,GIS,point,P,MediumHigh,26,TRUE,5/31/2014,road
CO20906G,CO209,NAD83,No,n_a,n_a,n_a,-110.8291175,55.81009487,GIS,point,G,MediumHigh,26,TRUE,5/31/2014,road
CO20906N,CO209,NAD83,No,n_a,n_a,n_a,-110.797723,55.81167235,GIS,point,N,MediumHigh,26,TRUE,5/31/2014,road
CO20907G,CO209,NAD83,No,n_a,n_a,n_a,-110.828565,55.81371593,GIS,point,G,MediumHigh,26,TRUE,5/31/2014,road
CO20908G,CO209,NAD83,No,n_a,n_a,n_a,-110.834931,55.81395533,GIS,point,G,MediumHigh,87,TRUE,5/31/2014,road
CO20909G,CO209,NAD83,No,n_a,n_a,n_a,-110.841297,55.81419439,GIS,point,G,MediumHigh,87,TRUE,5/31/2014,road
CO20980P,CO211,NAD83,No,n_a,n_a,n_a,-110.8056357,55.82280772,GIS,point,P,MediumHigh,26,TRUE,5/31/2014,road
CO21101G,CO211,NAD83,No,n_a,n_a,n_a,-111.4752433,55.81718395,GIS,point,G,High,28,TRUE,6/26/2014,road
CO21101N,CO211,NAD83,No,n_a,n_a,n_a,-111.4881001,55.80654935,GIS,point,N,High,28,TRUE,6/26/2014,road
CO21101W,CO211,NAD83,No,n_a,n_a,n_a,-111.4942871,55.80571303,GIS,point,W,High,32,TRUE,6/26/2014,road
CO21102G,CO211,NAD83,No,n_a,n_a,n_a,-111.4803824,55.81505331,GIS,point,G,High,28,TRUE,6/26/2014,road
CO21102W,CO211,NAD83,No,n_a,n_a,n_a,-111.5031076,55.82906752,GIS,point,W,High,32,TRUE,6/26/2014,road
CO21103G,CO211,NAD83,No,n_a,n_a,n_a,-111.485521,55.81292245,GIS,point,G,High,28,TRUE,6/26/2014,road
CO21104G,CO211,NAD83,No,n_a,n_a,n_a,-111.4892337,55.81582346,GIS,point,G,High,28,TRUE,6/26/2014,road
CO21104S,CO211,NAD83,No,n_a,n_a,n_a,-111.4943363,55.82951093,GIS,point,S,High,28,TRUE,6/26/2014,road
CO21105G,CO211,NAD83,No,n_a,n_a,n_a,-111.4840956,55.81795499,GIS,point,G,High,32,TRUE,6/26/2014,road
CO21106G,CO211,NAD83,No,n_a,n_a,n_a,-111.4789569,55.8200863,GIS,point,G,High,32,TRUE,6/26/2014,road
CO21107G,CO211,NAD83,No,n_a,n_a,n_a,-111.482707,55.8230457,GIS,point,G,High,32,TRUE,6/26/2014,road
CO21108G,CO211,NAD83,No,n_a,n_a,n_a,-111.4878318,55.82090354,GIS,point,G,High,32,TRUE,6/26/2014,road
CO21109G,CO212,NAD83,No,n_a,n_a,n_a,-111.4929561,55.81876115,GIS,point,G,High,32,TRUE,6/26/2014,road
CO21201G,CO212,NAD83,No,n_a,n_a,n_a,-111.337185,55.88534355,GIS,point,G,MediumLow,32,TRUE,6/24/2014,road
CO21202G,CO212,NAD83,No,n_a,n_a,n_a,-111.3423407,55.88321893,GIS,point,G,MediumLow,32,TRUE,6/24/2014,road
CO21203G,CO212,NAD83,No,n_a,n_a,n_a,-111.3474957,55.88109409,GIS,point,G,MediumLow,32,TRUE,6/24/2014,road
CO21204G,CO212,NAD83,No,n_a,n_a,n_a,-111.3512042,55.88399918,GIS,point,G,MediumLow,32,TRUE,6/24/2014,road
CO21205G,CO212,NAD83,No,n_a,n_a,n_a,-111.3460496,55.88612469,GIS,point,G,MediumLow,32,TRUE,6/24/2014,road
CO21205N,CO212,NAD83,No,n_a,n_a,n_a,-111.3193214,55.8803281,GIS,point,N,MediumLow,28,TRUE,6/24/2014,road
CO21205R,CO212,NAD83,No,n_a,n_a,n_a,-111.3288274,55.88434409,GIS,point,R,MediumLow,28,TRUE,6/24/2014,road
CO21206G,CO212,NAD83,No,n_a,n_a,n_a,-111.3408945,55.88824998,GIS,point,G,MediumLow,32,TRUE,6/24/2014,road
CO21206N,CO212,NAD83,No,n_a,n_a,n_a,-111.3182256,55.88376789,GIS,point,N,MediumLow,28,TRUE,6/24/2014,road
CO21206W,CO212,NAD83,No,n_a,n_a,n_a,-111.3238762,55.88654145,GIS,point,W,MediumLow,28,TRUE,6/24/2014,road
CO21207G,CO212,NAD83,No,n_a,n_a,n_a,-111.3446403,55.89121351,GIS,point,G,MediumLow,32,TRUE,6/24/2014,road
CO21207N,CO212,NAD83,No,n_a,n_a,n_a,-111.3133445,55.88187339,GIS,point,N,MediumLow,28,TRUE,6/24/2014,road
CO21207P,CO212,NAD83,No,n_a,n_a,n_a,-111.3237767,55.88308712,GIS,point,P,MediumLow,28,TRUE,6/24/2014,road
CO21208G,CO212,NAD83,No,n_a,n_a,n_a,-111.3497815,55.88907736,GIS,point,G,MediumLow,32,TRUE,6/24/2014,road
CO21209G,CO212,NAD83,No,n_a,n_a,n_a,-111.3549223,55.88694098,GIS,point,G,MediumLow,32,TRUE,6/24/2014,road
CO21209N,CO212,NAD83,No,n_a,n_a,n_a,-111.3298779,55.90734849,GIS,point,N,MediumLow,28,TRUE,6/27/2014,road
CO21209P,CO212,NAD83,No,n_a,n_a,n_a,-111.3244192,55.90524444,GIS,point,P,MediumLow,28,TRUE,6/27/2014,road
CO21210N,CO212,NAD83,No,n_a,n_a,n_a,-111.3166348,55.91190971,GIS,point,N,MediumLow,28,TRUE,6/27/2014,road
CO21210S,CO212,NAD83,No,n_a,n_a,n_a,-111.3131552,55.91429148,GIS,point,S,MediumLow,28,TRUE,6/27/2014,road
CO21211N,CO212,NAD83,No,n_a,n_a,n_a,-111.3161088,55.91845009,GIS,point,N,MediumLow,28,TRUE,6/27/2014,road
CO21211S,CO212,NAD83,No,n_a,n_a,n_a,-111.3199603,55.9162307,GIS,point,S,MediumLow,28,TRUE,6/27/2014,road
CO21212N,CO212,NAD83,No,n_a,n_a,n_a,-111.3329456,55.92007246,GIS,point,N,MediumLow,28,TRUE,6/24/2014,road
CO21212R,CO212,NAD83,No,n_a,n_a,n_a,-111.3220062,55.91931948,GIS,point,R,MediumLow,28,TRUE,6/24/2014,road
CO21213N,CO212,NAD83,No,n_a,n_a,n_a,-111.3360304,55.91415843,GIS,point,N,MediumLow,28,TRUE,6/27/2014,road
CO21213S,CO212,NAD83,No,n_a,n_a,n_a,-111.3414071,55.9162147,GIS,point,S,MediumLow,28,TRUE,6/27/2014,road
CO21214N,CO212,NAD83,No,n_a,n_a,n_a,-111.3419469,55.91319806,GIS,point,N,MediumLow,28,TRUE,6/27/2014,road
CO21214S,CO213,NAD83,No,n_a,n_a,n_a,-111.3476217,55.91622143,GIS,point,S,MediumLow,28,TRUE,6/27/2014,road
CO21301G,CO213,NAD83,No,n_a,n_a,n_a,-111.3480495,55.98780741,GIS,point,G,MediumHigh,28,TRUE,6/25/2014,road
CO21301N,CO213,NAD83,No,n_a,n_a,n_a,-111.3511479,55.97598921,GIS,point,N,MediumHigh,32,TRUE,6/27/2014,road
CO21301W,CO213,NAD83,No,n_a,n_a,n_a,-111.3424117,55.96743422,GIS,point,W,MediumHigh,32,TRUE,6/27/2014,road
CO21302G,CO213,NAD83,No,n_a,n_a,n_a,-111.3416422,55.98791222,GIS,point,G,MediumHigh,28,TRUE,6/25/2014,road
CO21302S,CO213,NAD83,No,n_a,n_a,n_a,-111.335703,55.96945557,GIS,point,S,MediumHigh,32,TRUE,6/27/2014,road
CO21303G,CO213,NAD83,No,n_a,n_a,n_a,-111.3352349,55.98801669,GIS,point,G,MediumHigh,28,TRUE,6/25/2014,road
CO21303N,CO213,NAD83,No,n_a,n_a,n_a,-111.3452004,55.97525894,GIS,point,N,MediumHigh,32,TRUE,6/27/2014,road
CO21303P,CO213,NAD83,No,n_a,n_a,n_a,-111.3238702,55.97482531,GIS,point,P,MediumHigh,32,TRUE,6/27/2014,road
CO21304G,CO213,NAD83,No,n_a,n_a,n_a,-111.3351161,55.98444184,GIS,point,G,MediumHigh,28,TRUE,6/25/2014,road
CO21304N,CO213,NAD83,No,n_a,n_a,n_a,-111.3402416,55.97642077,GIS,point,N,MediumHigh,32,TRUE,6/27/2014,road
CO21304W,CO213,NAD83,No,n_a,n_a,n_a,-111.3261236,55.97761811,GIS,point,W,MediumHigh,32,TRUE,6/27/2014,road
CO21305G,CO213,NAD83,No,n_a,n_a,n_a,-111.3415228,55.98433672,GIS,point,G,MediumHigh,28,TRUE,6/25/2014,road
CO21305N,CO213,NAD83,No,n_a,n_a,n_a,-111.3353363,55.97511679,GIS,point,N,MediumHigh,32,TRUE,6/27/2014,road
CO21305P,CO213,NAD83,No,n_a,n_a,n_a,-111.3237556,55.98020851,GIS,point,P,MediumHigh,32,TRUE,6/27/2014,road
CO21306G,CO213,NAD83,No,n_a,n_a,n_a,-111.3479295,55.98423126,GIS,point,G,MediumHigh,28,TRUE,6/25/2014,road
CO21307G,CO213,NAD83,No,n_a,n_a,n_a,-111.3478379,55.9805966,GIS,point,G,MediumHigh,28,TRUE,6/25/2014,road
CO21307N,CO213,NAD83,No,n_a,n_a,n_a,-111.3138525,55.9734684,GIS,point,N,MediumHigh,32,TRUE,6/25/2014,road
CO21307R,CO213,NAD83,No,n_a,n_a,n_a,-111.3176498,55.9755965,GIS,point,R,MediumHigh,32,TRUE,6/25/2014,road
CO21308G,CO213,NAD83,No,n_a,n_a,n_a,-111.3414325,55.98071536,GIS,point,G,MediumHigh,28,TRUE,6/25/2014,road
CO21309G,CO213,NAD83,No,n_a,n_a,n_a,-111.3350271,55.98083378,GIS,point,G,MediumHigh,28,TRUE,6/25/2014,road
CO21309N,CO213,NAD83,No,n_a,n_a,n_a,-111.3089875,55.96359455,GIS,point,N,MediumHigh,28,TRUE,6/25/2014,road
CO21309P,CO213,NAD83,No,n_a,n_a,n_a,-111.313036,55.96590175,GIS,point,P,MediumHigh,28,TRUE,6/25/2014,road
CO21310N,CO213,NAD83,No,n_a,n_a,n_a,-111.3013877,55.97611568,GIS,point,N,MediumHigh,32,TRUE,6/25/2014,road
CO21310R,CO213,NAD83,No,n_a,n_a,n_a,-111.3062868,55.97465149,GIS,point,R,MediumHigh,32,TRUE,6/25/2014,road
CO21311N,CO213,NAD83,No,n_a,n_a,n_a,-111.2903556,55.97599364,GIS,point,N,MediumHigh,32,TRUE,6/25/2014,road
CO21311P,CO213,NAD83,No,n_a,n_a,n_a,-111.292391,55.97896946,GIS,point,P,MediumHigh,32,TRUE,6/25/2014,road
CO21312N,CO213,NAD83,No,n_a,n_a,n_a,-111.2850305,55.97635352,GIS,point,N,MediumHigh,32,TRUE,6/25/2014,road
CO21312P,CO214,NAD83,No,n_a,n_a,n_a,-111.2868953,55.97916815,GIS,point,P,MediumHigh,32,TRUE,6/25/2014,road
CO21401G,CO214,NAD83,No,n_a,n_a,n_a,-110.9269404,56.00050816,GIS,point,G,MediumHigh,26,TRUE,6/26/2014,road
CO21402G,CO214,NAD83,No,n_a,n_a,n_a,-110.9333401,56.00029398,GIS,point,G,MediumHigh,26,TRUE,6/26/2014,road
CO21403G,CO214,NAD83,No,n_a,n_a,n_a,-110.9397398,56.00007947,GIS,point,G,MediumHigh,26,TRUE,6/26/2014,road
CO21404G,CO214,NAD83,No,n_a,n_a,n_a,-110.9400547,56.00365006,GIS,point,G,MediumHigh,26,TRUE,6/26/2014,road
CO21405G,CO214,NAD83,No,n_a,n_a,n_a,-110.9336545,56.00386522,GIS,point,G,MediumHigh,26,TRUE,6/26/2014,road
CO21406G,CO214,NAD83,No,n_a,n_a,n_a,-110.9272542,56.00408005,GIS,point,G,MediumHigh,26,TRUE,6/26/2014,road
CO21407G,CO214,NAD83,No,n_a,n_a,n_a,-110.9275429,56.0077109,GIS,point,G,MediumHigh,26,TRUE,6/26/2014,road
CO21407N,CO214,NAD83,No,n_a,n_a,n_a,-110.9530941,55.99735607,GIS,point,N,MediumHigh,87,TRUE,6/26/2014,road
CO21407P,CO214,NAD83,No,n_a,n_a,n_a,-110.9434221,55.98843168,GIS,point,P,MediumHigh,87,TRUE,6/26/2014,road
CO21408G,CO214,NAD83,No,n_a,n_a,n_a,-110.9339423,56.00748279,GIS,point,G,MediumHigh,26,TRUE,6/26/2014,road
CO21408N,CO214,NAD83,No,n_a,n_a,n_a,-110.9690492,55.99898827,GIS,point,N,MediumHigh,87,TRUE,6/26/2014,road
CO21408R,CO214,NAD83,No,n_a,n_a,n_a,-110.963591,55.99906436,GIS,point,R,MediumHigh,87,TRUE,6/26/2014,road
CO21409G,CO214,NAD83,No,n_a,n_a,n_a,-110.9403417,56.00725434,GIS,point,G,MediumHigh,26,TRUE,6/26/2014,road
CO21409N,CO214,NAD83,No,n_a,n_a,n_a,-110.9709189,56.00193234,GIS,point,N,MediumHigh,87,TRUE,6/26/2014,road
CO21409R,CO215,NAD83,No,n_a,n_a,n_a,-110.9640803,56.0025353,GIS,point,R,MediumHigh,87,TRUE,6/26/2014,road
CO21501G,CO215,NAD83,No,n_a,n_a,n_a,-110.8428164,55.97121988,GIS,point,G,MediumHigh,28,TRUE,5/31/2014,road
CO21502G,CO215,NAD83,No,n_a,n_a,n_a,-110.8490318,55.97035001,GIS,point,G,MediumHigh,28,TRUE,5/31/2014,road
CO21503G,CO215,NAD83,No,n_a,n_a,n_a,-110.8552469,55.96947983,GIS,point,G,MediumHigh,28,TRUE,5/31/2014,road
CO21504G,CO215,NAD83,No,n_a,n_a,n_a,-110.8567269,55.972957,GIS,point,G,MediumHigh,28,TRUE,5/31/2014,road
CO21505G,CO215,NAD83,No,n_a,n_a,n_a,-110.8505115,55.97382787,GIS,point,G,MediumHigh,28,TRUE,5/31/2014,road
CO21506G,CO215,NAD83,No,n_a,n_a,n_a,-110.8442958,55.97469843,GIS,point,G,MediumHigh,28,TRUE,5/31/2014,road
CO21507G,CO215,NAD83,No,n_a,n_a,n_a,-110.8457701,55.97823752,GIS,point,G,MediumHigh,28,TRUE,5/31/2014,road
CO21508G,CO215,NAD83,No,n_a,n_a,n_a,-110.8519805,55.97735399,GIS,point,G,MediumHigh,28,TRUE,5/31/2014,road
CO21508N,CO215,NAD83,No,n_a,n_a,n_a,-110.8252586,55.98782452,GIS,point,N,MediumHigh,32,TRUE,5/31/2014,road
CO21508P,CO215,NAD83,No,n_a,n_a,n_a,-110.829545,55.99022115,GIS,point,P,MediumHigh,32,TRUE,5/31/2014,road
CO21509G,CO215,NAD83,No,n_a,n_a,n_a,-110.8581906,55.97647015,GIS,point,G,MediumHigh,28,TRUE,5/31/2014,road
CO21509N,CO215,NAD83,No,n_a,n_a,n_a,-110.8500222,56.00033313,GIS,point,N,MediumHigh,32,TRUE,5/31/2014,road
CO21509P,CO215,NAD83,No,n_a,n_a,n_a,-110.8443538,56.00076414,GIS,point,P,MediumHigh,32,TRUE,5/31/2014,road
CO21512N,CO215,NAD83,No,n_a,n_a,n_a,-110.8467259,55.99755596,GIS,point,N,MediumHigh,32,TRUE,5/31/2014,road
CO21512P,CO216,NAD83,No,n_a,n_a,n_a,-110.8416464,55.99834828,GIS,point,P,MediumHigh,32,TRUE,5/31/2014,road
CO21601G,CO216,NAD83,No,n_a,n_a,n_a,-110.6477702,55.94913822,GIS,point,G,MediumLow,26,TRUE,6/22/2014,road
CO21601R,CO216,NAD83,No,n_a,n_a,n_a,-110.656242,55.93440059,GIS,point,R,MediumLow,87,TRUE,6/22/2014,road
CO21602G,CO216,NAD83,No,n_a,n_a,n_a,-110.6541694,55.94924393,GIS,point,G,MediumLow,26,TRUE,6/22/2014,road
CO21602R,CO216,NAD83,No,n_a,n_a,n_a,-110.6506059,55.93858648,GIS,point,R,MediumLow,87,TRUE,6/22/2014,road
CO21603G,CO216,NAD83,No,n_a,n_a,n_a,-110.6605686,55.9493493,GIS,point,G,MediumLow,26,TRUE,6/22/2014,road
CO21603S,CO216,NAD83,No,n_a,n_a,n_a,-110.6527897,55.94328642,GIS,point,S,MediumLow,87,TRUE,6/27/2014,road
CO21604G,CO216,NAD83,No,n_a,n_a,n_a,-110.6603157,55.95292106,GIS,point,G,MediumLow,26,TRUE,6/22/2014,road
CO21604N,CO216,NAD83,No,n_a,n_a,n_a,-110.6402774,55.94535393,GIS,point,N,MediumLow,87,TRUE,6/22/2014,road
CO21604R,CO216,NAD83,No,n_a,n_a,n_a,-110.6323016,55.94374192,GIS,point,R,MediumLow,87,TRUE,6/22/2014,road
CO21605G,CO216,NAD83,No,n_a,n_a,n_a,-110.6539158,55.9528163,GIS,point,G,MediumLow,26,TRUE,6/22/2014,road
CO21605N,CO216,NAD83,No,n_a,n_a,n_a,-110.6342672,55.93569317,GIS,point,N,MediumLow,87,TRUE,6/22/2014,road
CO21605R,CO216,NAD83,No,n_a,n_a,n_a,-110.6366605,55.93126959,GIS,point,R,MediumLow,87,TRUE,6/22/2014,road
CO21606G,CO216,NAD83,No,n_a,n_a,n_a,-110.647516,55.95271121,GIS,point,G,MediumLow,26,TRUE,6/22/2014,road
CO21607G,CO216,NAD83,No,n_a,n_a,n_a,-110.6472274,55.95634167,GIS,point,G,MediumLow,26,TRUE,6/22/2014,road
CO21607N,CO216,NAD83,No,n_a,n_a,n_a,-110.6374191,55.95593405,GIS,point,N,MediumLow,26,TRUE,6/27/2014,road
CO21608G,CO216,NAD83,No,n_a,n_a,n_a,-110.6536284,55.95643348,GIS,point,G,MediumLow,26,TRUE,6/22/2014,road
CO21609G,CO216,NAD83,No,n_a,n_a,n_a,-110.6600295,55.95652497,GIS,point,G,MediumLow,26,TRUE,6/22/2014,road
CO21671N,CO216,NAD83,No,n_a,n_a,n_a,-110.6335602,55.94633256,Map,point,N,MediumLow,87,TRUE,6/22/2014,road
CO21673N,CO216,NAD83,No,n_a,n_a,n_a,-110.6274206,55.94318997,MAP,point,N,MediumLow,26,TRUE,6/27/2014,road
CO21674N,CO216,NAD83,No,n_a,n_a,n_a,-110.6150976,55.93519253,MAP,point,N,MediumLow,87,TRUE,6/27/2014,road
CO21674S,CO216,NAD83,No,n_a,n_a,n_a,-110.616399,55.93289932,MAP,point,S,MediumLow,87,TRUE,6/27/2014,road
CO21675N,CO216,NAD83,No,n_a,n_a,n_a,-110.6412948,55.95241083,MAP,point,N,MediumLow,26,TRUE,6/27/2014,road
CO21675S,CO216,NAD83,No,n_a,n_a,n_a,-110.6322563,55.95433982,MAP,point,S,MediumLow,26,TRUE,6/27/2014,road
CO21677S,CO217,NAD83,No,n_a,n_a,n_a,-110.6282344,55.95302716,MAP,point,S,MediumLow,26,TRUE,6/27/2014,road
CO21701G,CO217,NAD83,No,n_a,n_a,n_a,-110.9167523,56.11732273,GIS,point,G,MediumHigh,87,TRUE,6/25/2014,road
CO21701N,CO217,NAD83,No,n_a,n_a,n_a,-110.9409826,56.10728742,GIS,point,N,MediumHigh,63,TRUE,6/25/2014,road
CO21701R,CO217,NAD83,No,n_a,n_a,n_a,-110.9499528,56.11696672,GIS,point,R,MediumHigh,63,TRUE,6/25/2014,road
CO21702G,CO217,NAD83,No,n_a,n_a,n_a,-110.9103234,56.11740476,GIS,point,G,MediumHigh,87,TRUE,6/25/2014,road
CO21702N,CO217,NAD83,No,n_a,n_a,n_a,-110.9356046,56.10847312,GIS,point,N,MediumHigh,63,TRUE,6/25/2014,road
CO21702W,CO217,NAD83,No,n_a,n_a,n_a,-110.9365777,56.11153045,GIS,point,W,MediumHigh,63,TRUE,6/25/2014,road
CO21703G,CO217,NAD83,No,n_a,n_a,n_a,-110.9038945,56.11748645,GIS,point,G,MediumHigh,87,TRUE,6/25/2014,road
CO21703N,CO217,NAD83,No,n_a,n_a,n_a,-110.9321814,56.11601312,GIS,point,N,MediumHigh,26,TRUE,6/25/2014,road
CO21703P,CO217,NAD83,No,n_a,n_a,n_a,-110.9367924,56.12461821,GIS,point,P,MediumHigh,63,TRUE,6/25/2014,road
CO21704G,CO217,NAD83,No,n_a,n_a,n_a,-110.9038159,56.11391187,GIS,point,G,MediumHigh,87,TRUE,6/25/2014,road
CO21704N,CO217,NAD83,No,n_a,n_a,n_a,-110.9359313,56.11959626,GIS,point,N,MediumHigh,26,TRUE,6/25/2014,road
CO21704R,CO217,NAD83,No,n_a,n_a,n_a,-110.9332157,56.12239841,GIS,point,R,MediumHigh,26,TRUE,6/25/2014,road
CO21705G,CO217,NAD83,No,n_a,n_a,n_a,-110.9102442,56.11382953,GIS,point,G,MediumHigh,87,TRUE,6/25/2014,road
CO21705N,CO217,NAD83,No,n_a,n_a,n_a,-110.9298052,56.12872447,GIS,point,N,MediumHigh,26,TRUE,6/25/2014,road
CO21705R,CO217,NAD83,No,n_a,n_a,n_a,-110.9237985,56.1245941,GIS,point,R,MediumHigh,26,TRUE,6/25/2014,road
CO21706G,CO217,NAD83,No,n_a,n_a,n_a,-110.9166725,56.11374685,GIS,point,G,MediumHigh,87,TRUE,6/25/2014,road
CO21706N,CO217,NAD83,No,n_a,n_a,n_a,-110.9060083,56.12568297,GIS,point,N,MediumHigh,26,TRUE,6/25/2014,road
CO21706W,CO217,NAD83,No,n_a,n_a,n_a,-110.9123938,56.1212296,GIS,point,W,MediumHigh,26,TRUE,6/25/2014,road
CO21707G,CO217,NAD83,No,n_a,n_a,n_a,-110.9166217,56.11011257,GIS,point,G,MediumHigh,63,TRUE,6/25/2014,road
CO21708G,CO217,NAD83,No,n_a,n_a,n_a,-110.9101947,56.11020855,GIS,point,G,MediumHigh,63,TRUE,6/25/2014,road
CO21709G,CO217,NAD83,No,n_a,n_a,n_a,-110.9037676,56.1103042,GIS,point,G,MediumHigh,87,TRUE,6/25/2014,road
CO21709N,CO217,NAD83,No,n_a,n_a,n_a,-110.9157478,56.12947297,GIS,point,N,MediumHigh,26,TRUE,6/25/2014,road
CO21709R,CO217,NAD83,No,n_a,n_a,n_a,-110.9252599,56.13458023,GIS,point,R,MediumHigh,26,TRUE,6/25/2014,road
CO21710N,CO217,NAD83,No,n_a,n_a,n_a,-110.8942835,56.13090195,GIS,point,N,MediumHigh,87,TRUE,6/24/2014,road
CO21710W,CO218,NAD83,No,n_a,n_a,n_a,-110.9070822,56.13499651,GIS,point,W,MediumHigh,87,TRUE,6/24/2014,road
CO21801G,CO218,NAD83,No,n_a,n_a,n_a,-110.859169,56.19738831,GIS,point,G,High,26,TRUE,6/23/2014,road
CO21802G,CO218,NAD83,No,n_a,n_a,n_a,-110.8642417,56.19960373,GIS,point,G,High,26,TRUE,6/23/2014,road
CO21803G,CO218,NAD83,No,n_a,n_a,n_a,-110.8693151,56.20181894,GIS,point,G,High,26,TRUE,6/23/2014,road
CO21805G,CO218,NAD83,No,n_a,n_a,n_a,-110.8602339,56.20239519,GIS,point,G,High,26,TRUE,6/23/2014,road
CO21806G,CO218,NAD83,No,n_a,n_a,n_a,-110.8551604,56.20018012,GIS,point,G,High,26,TRUE,6/23/2014,road
CO21807G,CO218,NAD83,No,n_a,n_a,n_a,-110.8510621,56.20300659,GIS,point,G,High,26,TRUE,6/23/2014,road
CO21808G,CO218,NAD83,No,n_a,n_a,n_a,-110.8561505,56.20521135,GIS,point,G,High,26,TRUE,6/23/2014,road
CO21809G,CO218,NAD83,No,n_a,n_a,n_a,-110.8612395,56.2074159,GIS,point,G,High,26,TRUE,6/23/2014,road
CO21810G,CO218,NAD83,No,n_a,n_a,n_a,-110.8412388,56.18356724,GIS,point,G,High,87,TRUE,6/23/2014,road
CO21811G,CO218,NAD83,No,n_a,n_a,n_a,-110.8463086,56.18578335,GIS,point,G,High,87,TRUE,6/23/2014,road
CO21812G,CO218,NAD83,No,n_a,n_a,n_a,-110.8513791,56.18799926,GIS,point,G,High,87,TRUE,6/23/2014,road
CO21813G,CO218,NAD83,No,n_a,n_a,n_a,-110.8473724,56.19078981,GIS,point,G,High,87,TRUE,6/23/2014,road
CO21814G,CO218,NAD83,No,n_a,n_a,n_a,-110.8423011,56.18857424,GIS,point,G,High,87,TRUE,6/23/2014,road
CO21815G,CO218,NAD83,No,n_a,n_a,n_a,-110.8372304,56.18635846,GIS,point,G,High,87,TRUE,6/23/2014,road
CO21816G,CO218,NAD83,No,n_a,n_a,n_a,-110.8331324,56.18918435,GIS,point,G,High,87,TRUE,6/23/2014,road
CO21817G,CO218,NAD83,No,n_a,n_a,n_a,-110.8382179,56.1913898,GIS,point,G,High,87,TRUE,6/23/2014,road
CO21818G,CO222,NAD83,No,n_a,n_a,n_a,-110.843304,56.19359506,GIS,point,G,High,87,TRUE,6/23/2014,road
CO22201G,CO222,NAD83,No,n_a,n_a,n_a,-110.9769438,56.4058204,GIS,point,G,High,26,TRUE,6/29/2014,road
CO22201N,CO222,NAD83,No,n_a,n_a,n_a,-111.0385871,56.42078093,GIS,point,N,High,87,TRUE,6/29/2014,road
CO22201P,CO222,NAD83,No,n_a,n_a,n_a,-111.0275573,56.42406661,GIS,point,P,High,87,TRUE,6/29/2014,road
CO22202G,CO222,NAD83,No,n_a,n_a,n_a,-110.9828083,56.40429301,GIS,point,G,High,26,TRUE,6/29/2014,road
CO22203G,CO222,NAD83,No,n_a,n_a,n_a,-110.9886723,56.40276533,GIS,point,G,High,26,TRUE,6/29/2014,road
CO22204G,CO222,NAD83,No,n_a,n_a,n_a,-110.9913534,56.4060164,GIS,point,G,High,26,TRUE,6/29/2014,road
CO22205G,CO222,NAD83,No,n_a,n_a,n_a,-110.9854895,56.40754479,GIS,point,G,High,26,TRUE,6/29/2014,road
CO22206G,CO222,NAD83,No,n_a,n_a,n_a,-110.9796251,56.40907288,GIS,point,G,High,26,TRUE,6/29/2014,road
CO22207G,CO222,NAD83,No,n_a,n_a,n_a,-110.9823227,56.41238531,GIS,point,G,High,26,TRUE,6/29/2014,road
CO22208G,CO222,NAD83,No,n_a,n_a,n_a,-110.9881772,56.41084506,GIS,point,G,High,26,TRUE,6/29/2014,road
CO22209G,CO222,NAD83,No,n_a,n_a,n_a,-110.9940312,56.40930452,GIS,point,G,High,26,TRUE,6/29/2014,road
CO22210N,CO222,NAD83,No,n_a,n_a,n_a,-111.0056076,56.44081551,GIS,point,N,High,87,TRUE,6/29/2014,road
CO22210S,CO222,NAD83,No,n_a,n_a,n_a,-111.0023245,56.43843154,GIS,point,S,High,87,TRUE,6/29/2014,road
CO22211N,CO222,NAD83,No,n_a,n_a,n_a,-111.0112549,56.43858136,GIS,point,N,High,87,TRUE,6/29/2014,road
CO22211P,CO224,NAD83,No,n_a,n_a,n_a,-111.0169494,56.43597353,GIS,point,P,High,87,TRUE,6/29/2014,road
CO22401N,CO224,NAD83,No,n_a,n_a,n_a,-111.0403128,56.46805737,GIS,point,N,High,26,TRUE,6/28/2014,road
CO22401S,CO224,NAD83,No,n_a,n_a,n_a,-111.0320307,56.46822956,GIS,point,S,High,87,TRUE,6/28/2014,road
CO22402N,CO224,NAD83,No,n_a,n_a,n_a,-111.0467898,56.46705156,GIS,point,N,High,26,TRUE,6/28/2014,road
CO22402W,CO224,NAD83,No,n_a,n_a,n_a,-111.0254859,56.46876959,GIS,point,W,High,87,TRUE,6/28/2014,road
CO22403N,CO224,NAD83,No,n_a,n_a,n_a,-111.0510905,56.47165284,GIS,point,N,High,26,TRUE,6/28/2014,road
CO22403W,CO224,NAD83,No,n_a,n_a,n_a,-111.0171534,56.46591179,GIS,point,W,High,87,TRUE,6/28/2014,road
CO22404N,CO224,NAD83,No,n_a,n_a,n_a,-111.0567134,56.47216249,GIS,point,N,High,26,TRUE,6/28/2014,road
CO22404W,CO224,NAD83,No,n_a,n_a,n_a,-111.0170521,56.47012077,GIS,point,W,High,87,TRUE,6/28/2014,road
CO22405N,CO224,NAD83,No,n_a,n_a,n_a,-111.0499595,56.47486853,GIS,point,N,High,26,TRUE,6/28/2014,road
CO22405W,CO224,NAD83,No,n_a,n_a,n_a,-111.0101409,56.47359191,GIS,point,W,High,87,TRUE,6/28/2014,road
CO22406N,CO224,NAD83,No,n_a,n_a,n_a,-111.0538828,56.47736335,GIS,point,N,High,26,TRUE,6/28/2014,road
CO22406W,FT200,NAD83,No,n_a,n_a,n_a,-111.0234073,56.47362277,GIS,point,W,High,63,TRUE,6/28/2014,road
FT20001G,FT200,NAD83,No,n_a,n_a,n_a,-111.8476485,57.06044882,GIS,point,G,High,32,TRUE,6/28/2014,road
FT20002G,FT200,NAD83,No,n_a,n_a,n_a,-111.8523127,57.05790861,GIS,point,G,High,32,TRUE,6/28/2014,road
FT20003G,FT200,NAD83,No,n_a,n_a,n_a,-111.8569763,57.05536822,GIS,point,G,High,32,TRUE,6/28/2014,road
FT20003N,FT200,NAD83,No,n_a,n_a,n_a,-111.8481169,57.05474066,GIS,point,N,High,32,TRUE,6/28/2014,road
FT20003P,FT200,NAD83,No,n_a,n_a,n_a,-111.8558875,57.05180166,GIS,point,P,High,32,TRUE,6/28/2014,road
FT20004G,FT200,NAD83,No,n_a,n_a,n_a,-111.8522405,57.0630492,GIS,point,G,High,28,TRUE,6/28/2014,road
FT20005G,FT200,NAD83,No,n_a,n_a,n_a,-111.856922,57.06051826,GIS,point,G,High,28,TRUE,6/28/2014,road
FT20006G,FT200,NAD83,No,n_a,n_a,n_a,-111.8616028,57.05798712,GIS,point,G,High,28,TRUE,6/28/2014,road
FT20007G,FT200,NAD83,No,n_a,n_a,n_a,-111.8568139,57.06561378,GIS,point,G,High,28,TRUE,6/28/2014,road
FT20008G,FT200,NAD83,No,n_a,n_a,n_a,-111.8614962,57.06308312,GIS,point,G,High,28,TRUE,6/28/2014,road
FT20009G,FT200,NAD83,No,n_a,n_a,n_a,-111.8661779,57.06055227,GIS,point,G,High,28,TRUE,6/28/2014,road
FT20010N,FT200,NAD83,No,n_a,n_a,n_a,-111.87601,57.07186219,GIS,point,N,High,32,TRUE,6/28/2014,road
FT20010R,FT204,NAD83,No,n_a,n_a,n_a,-111.8746816,57.06740361,GIS,point,R,High,28,TRUE,6/28/2014,road
FT20401G,FT204,NAD83,No,n_a,n_a,n_a,-110.8685468,57.20975132,GIS,point,G,High,32,TRUE,07/01/2014,road
FT20401N,FT204,NAD83,No,n_a,n_a,n_a,-110.8049366,57.21007677,GIS,point,N,High,28,TRUE,07/01/2014,road
FT20401P,FT204,NAD83,No,n_a,n_a,n_a,-110.8401749,57.21811294,GIS,point,P,High,28,TRUE,07/01/2014,road
FT20402G,FT204,NAD83,No,n_a,n_a,n_a,-110.8629438,57.21166412,GIS,point,G,High,32,TRUE,07/01/2014,road
FT20402N,FT204,NAD83,No,n_a,n_a,n_a,-110.7982569,57.20878671,GIS,point,N,High,28,TRUE,07/01/2014,road
FT20402P,FT204,NAD83,No,n_a,n_a,n_a,-110.8339372,57.21717601,GIS,point,P,High,28,TRUE,07/01/2014,road
FT20403G,FT204,NAD83,No,n_a,n_a,n_a,-110.8573402,57.21357666,GIS,point,G,High,32,TRUE,07/01/2014,road
FT20404G,FT204,NAD83,No,n_a,n_a,n_a,-110.8651149,57.206662,GIS,point,G,High,32,TRUE,07/01/2014,road
FT20404S,FT204,NAD83,No,n_a,n_a,n_a,-110.8194115,57.21520292,GIS,point,S,High,28,TRUE,07/01/2014,road
FT20405G,FT204,NAD83,No,n_a,n_a,n_a,-110.8594992,57.20856338,GIS,point,G,High,32,TRUE,07/01/2014,road
FT20406G,FT204,NAD83,No,n_a,n_a,n_a,-110.8538829,57.2104645,GIS,point,G,High,32,TRUE,07/01/2014,road
FT20407G,FT204,NAD83,No,n_a,n_a,n_a,-110.8616878,57.20360967,GIS,point,G,High,32,TRUE,07/01/2014,road
FT20407N,FT204,NAD83,No,n_a,n_a,n_a,-110.7973491,57.21366487,GIS,point,N,High,28,TRUE,07/01/2014,road
FT20407W,FT204,NAD83,No,n_a,n_a,n_a,-110.8090131,57.21898657,GIS,point,W,High,28,TRUE,07/01/2014,road
FT20408G,FT204,NAD83,No,n_a,n_a,n_a,-110.8560718,57.20551036,GIS,point,G,High,32,TRUE,07/01/2014,road
FT20408N,FT204,NAD83,No,n_a,n_a,n_a,-110.8056762,57.21358128,GIS,point,N,High,28,TRUE,07/01/2014,road
FT20408W,FT204,NAD83,No,n_a,n_a,n_a,-110.8293455,57.22269598,GIS,point,W,High,28,TRUE,07/01/2014,road
FT20409G,FT204,NAD83,No,n_a,n_a,n_a,-110.8504552,57.20741078,GIS,point,G,High,32,TRUE,07/01/2014,road
FT20490N,FT206,NAD83,No,n_a,n_a,n_a,-110.8188168,57.22812937,GPS,point,N,High,32,TRUE,07/01/2014,heli
FT20601G,FT206,NAD83,No,n_a,n_a,n_a,-110.9345643,57.31027538,GIS,point,G,VeryLow,63,TRUE,06/10/2014,heli
FT20602G,FT206,NAD83,No,n_a,n_a,n_a,-110.9279222,57.31002678,GIS,point,G,VeryLow,26,TRUE,06/09/2014,heli
FT20603G,FT206,NAD83,No,n_a,n_a,n_a,-110.9215731,57.30992102,GIS,point,G,VeryLow,63,TRUE,06/10/2014,heli
FT20603N,FT206,NAD83,No,n_a,n_a,n_a,-110.9211544,57.29878142,GIS,point,N,VeryLow,28,TRUE,06/09/2014,heli
FT20603W,FT206,NAD83,No,n_a,n_a,n_a,-110.8966383,57.29623922,GIS,point,W,VeryLow,28,TRUE,06/09/2014,heli
FT20604G,FT206,NAD83,No,n_a,n_a,n_a,-110.9351463,57.30668498,GIS,point,G,VeryLow,63,TRUE,06/10/2014,heli
FT20605G,FT206,NAD83,No,n_a,n_a,n_a,-110.9285049,57.30643642,GIS,point,G,VeryLow,26,TRUE,06/09/2014,heli
FT20605N,FT206,NAD83,No,n_a,n_a,n_a,-110.9230625,57.29275577,GIS,point,N,VeryLow,28,TRUE,06/09/2014,heli
FT20605S,FT206,NAD83,No,n_a,n_a,n_a,-110.9165779,57.30069022,GIS,point,S,VeryLow,28,TRUE,06/09/2014,heli
FT20606G,FT206,NAD83,No,n_a,n_a,n_a,-110.9219141,57.3062894,GIS,point,G,VeryLow,26,TRUE,06/09/2014,heli
FT20606N,FT206,NAD83,No,n_a,n_a,n_a,-110.9275051,57.29039186,GIS,point,N,VeryLow,28,TRUE,06/09/2014,heli
FT20606S,FT206,NAD83,No,n_a,n_a,n_a,-110.9097218,57.29509388,GIS,point,S,VeryLow,28,TRUE,06/09/2014,heli
FT20607G,FT206,NAD83,No,n_a,n_a,n_a,-110.9357246,57.30312786,GIS,point,G,VeryLow,63,TRUE,06/10/2014,heli
FT20607N,FT206,NAD83,No,n_a,n_a,n_a,-110.9019518,57.29753269,GIS,point,N,VeryLow,28,TRUE,06/09/2014,heli
FT20607S,FT206,NAD83,No,n_a,n_a,n_a,-110.8939093,57.29914517,GIS,point,S,VeryLow,28,TRUE,06/09/2014,heli
FT20608G,FT206,NAD83,No,n_a,n_a,n_a,-110.9290875,57.30284604,GIS,point,G,VeryLow,26,TRUE,06/09/2014,heli
FT20609G,FT207,NAD83,No,n_a,n_a,n_a,-110.922186,57.30272238,GIS,point,G,VeryLow,26,TRUE,06/09/2014,road
FT20701G,FT207,NAD83,No,n_a,n_a,n_a,-111.0114892,57.27445228,GIS,point,G,High,28,TRUE,07/02/2014,road
FT20702G,FT207,NAD83,No,n_a,n_a,n_a,-111.011059,57.27803685,GIS,point,G,High,28,TRUE,07/02/2014,road
FT20703G,FT207,NAD83,No,n_a,n_a,n_a,-111.0106287,57.2816214,GIS,point,G,High,28,TRUE,07/02/2014,road
FT20704G,FT207,NAD83,No,n_a,n_a,n_a,-111.0040473,57.28135219,GIS,point,G,High,28,TRUE,07/02/2014,road
FT20705G,FT207,NAD83,No,n_a,n_a,n_a,-111.0044771,57.27776762,GIS,point,G,High,28,TRUE,07/02/2014,road
FT20706G,FT207,NAD83,No,n_a,n_a,n_a,-111.0049067,57.27418305,GIS,point,G,High,28,TRUE,07/02/2014,road
FT20706N,FT207,NAD83,No,n_a,n_a,n_a,-110.9982848,57.26805753,GIS,point,N,High,32,TRUE,07/02/2014,road
FT20706P,FT207,NAD83,No,n_a,n_a,n_a,-110.9976583,57.26308973,GIS,point,P,High,32,TRUE,07/02/2014,road
FT20707G,FT207,NAD83,No,n_a,n_a,n_a,-110.9982195,57.27389214,GIS,point,G,High,28,TRUE,07/02/2014,road
FT20707N,FT207,NAD83,No,n_a,n_a,n_a,-111.0150749,57.26818709,GIS,point,N,High,32,TRUE,07/02/2014,road
FT20707S,FT207,NAD83,No,n_a,n_a,n_a,-111.0055724,57.2665431,GIS,point,S,High,32,TRUE,07/02/2014,road
FT20708G,FT207,NAD83,No,n_a,n_a,n_a,-110.9978138,57.27747752,GIS,point,G,High,28,TRUE,07/02/2014,road
FT20708N,FT207,NAD83,No,n_a,n_a,n_a,-111.0124026,57.26487427,GIS,point,N,High,32,TRUE,07/02/2014,road
FT20708S,FT207,NAD83,No,n_a,n_a,n_a,-110.9888056,57.27683778,GIS,point,S,High,28,TRUE,07/02/2014,road
FT20709G,FT207,NAD83,No,n_a,n_a,n_a,-110.997408,57.2810629,GIS,point,G,High,28,TRUE,07/02/2014,road
FT20709N,FT207,NAD83,No,n_a,n_a,n_a,-110.987697,57.28583253,GIS,point,N,High,32,TRUE,07/02/2014,road
FT20709W,FT208,NAD83,No,n_a,n_a,n_a,-110.9917732,57.28804131,GIS,point,W,High,32,TRUE,07/02/2014,heli
FT20801G,FT208,NAD83,No,n_a,n_a,n_a,-111.1209219,57.27055054,GIS,point,G,High,26,TRUE,06/05/2014,heli
FT20802G,FT208,NAD83,No,n_a,n_a,n_a,-111.1143098,57.27082148,GIS,point,G,High,26,TRUE,06/05/2014,heli
FT20803G,FT208,NAD83,No,n_a,n_a,n_a,-111.1076975,57.27109207,GIS,point,G,High,26,TRUE,06/05/2014,heli
FT20804G,FT208,NAD83,No,n_a,n_a,n_a,-111.1205462,57.26694874,GIS,point,G,High,26,TRUE,06/05/2014,heli
FT20805G,FT208,NAD83,No,n_a,n_a,n_a,-111.1139329,57.2672064,GIS,point,G,High,26,TRUE,06/05/2014,heli
FT20806G,FT208,NAD83,No,n_a,n_a,n_a,-111.1073195,57.26746371,GIS,point,G,High,26,TRUE,06/05/2014,heli
FT20806N,FT208,NAD83,No,n_a,n_a,n_a,-111.1253134,57.27310579,GIS,point,N,High,63,TRUE,06/05/2014,heli
FT20806W,FT208,NAD83,No,n_a,n_a,n_a,-111.1271906,57.27000121,GIS,point,W,High,63,TRUE,06/05/2014,heli
FT20807G,FT208,NAD83,No,n_a,n_a,n_a,-111.1201424,57.26338081,GIS,point,G,High,26,TRUE,06/05/2014,heli
FT20807N,FT208,NAD83,No,n_a,n_a,n_a,-111.1208491,57.27603849,GIS,point,N,High,63,TRUE,06/05/2014,heli
FT20807S,FT208,NAD83,No,n_a,n_a,n_a,-111.1269957,57.27691812,GIS,point,S,High,63,TRUE,06/05/2014,heli
FT20808G,FT208,NAD83,No,n_a,n_a,n_a,-111.1135297,57.26363782,GIS,point,G,High,26,TRUE,06/05/2014,heli
FT20808N,FT208,NAD83,No,n_a,n_a,n_a,-111.1167411,57.27824955,GIS,point,N,High,63,TRUE,06/05/2014,heli
FT20808W,FT208,NAD83,No,n_a,n_a,n_a,-111.1133897,57.28080801,GIS,point,W,High,63,TRUE,06/05/2014,heli
FT20809G,FT208,NAD83,No,n_a,n_a,n_a,-111.1069169,57.26389447,GIS,point,G,High,26,TRUE,06/05/2014,heli
FT20809N,FT208,NAD83,No,n_a,n_a,n_a,-111.1217813,57.28102529,GIS,point,N,High,63,TRUE,06/05/2014,heli
FT20809W,FT208,NAD83,No,n_a,n_a,n_a,-111.1271807,57.28216227,GIS,point,W,High,63,TRUE,06/05/2014,heli
FT20810N,FT208,NAD83,No,n_a,n_a,n_a,-111.1214821,57.2842541,GIS,point,N,High,63,TRUE,06/05/2014,heli
FT20810S,FT208,NAD83,No,n_a,n_a,n_a,-111.1272785,57.28500977,GIS,point,S,High,63,TRUE,06/05/2014,heli
FT20811N,FT208,NAD83,No,n_a,n_a,n_a,-111.1209367,57.28762554,GIS,point,N,High,63,TRUE,06/05/2014,heli
FT20811W,FT209,NAD83,No,n_a,n_a,n_a,-111.1272458,57.28808399,GIS,point,W,High,63,TRUE,06/05/2014,heli
FT20901G,FT209,NAD83,No,n_a,n_a,n_a,-111.2804035,57.23927751,GIS,point,G,High,87,TRUE,06/05/2014,heli
FT20902G,FT209,NAD83,No,n_a,n_a,n_a,-111.2741479,57.24046163,GIS,point,G,High,87,TRUE,06/05/2014,heli
FT20902N,FT209,NAD83,No,n_a,n_a,n_a,-111.286263,57.22903729,GIS,point,N,High,28,TRUE,06/05/2014,heli
FT20902W,FT209,NAD83,No,n_a,n_a,n_a,-111.2910787,57.23089322,GIS,point,W,High,28,TRUE,06/05/2014,heli
FT20903G,FT209,NAD83,No,n_a,n_a,n_a,-111.267892,57.24164544,GIS,point,G,High,87,TRUE,06/05/2014,heli
FT20903N,FT209,NAD83,No,n_a,n_a,n_a,-111.2976386,57.23755264,GIS,point,N,High,28,TRUE,06/05/2014,heli
FT20903W,FT209,NAD83,No,n_a,n_a,n_a,-111.2998537,57.24010295,GIS,point,W,High,28,TRUE,06/05/2014,heli
FT20904G,FT209,NAD83,No,n_a,n_a,n_a,-111.2783305,57.23584933,GIS,point,G,High,28,TRUE,06/05/2014,heli
FT20904N,FT209,NAD83,No,n_a,n_a,n_a,-111.2895552,57.23758426,GIS,point,N,High,28,TRUE,06/05/2014,heli
FT20904W,FT209,NAD83,No,n_a,n_a,n_a,-111.2901359,57.24013297,GIS,point,W,High,28,TRUE,06/05/2014,heli
FT20905G,FT209,NAD83,No,n_a,n_a,n_a,-111.2720674,57.23702078,GIS,point,G,High,87,TRUE,06/05/2014,heli
FT20905W,FT209,NAD83,No,n_a,n_a,n_a,-111.2973314,57.24781363,GIS,point,W,High,32,TRUE,06/05/2014,heli
FT20906G,FT209,NAD83,No,n_a,n_a,n_a,-111.265804,57.23819192,GIS,point,G,High,87,TRUE,06/05/2014,heli
FT20906N,FT209,NAD83,No,n_a,n_a,n_a,-111.2913035,57.24727869,GIS,point,N,High,32,TRUE,06/05/2014,heli
FT20906W,FT209,NAD83,No,n_a,n_a,n_a,-111.2964729,57.25089165,GIS,point,W,High,32,TRUE,06/05/2014,heli
FT20907G,FT209,NAD83,No,n_a,n_a,n_a,-111.2762468,57.23245777,GIS,point,G,High,87,TRUE,06/05/2014,heli
FT20907N,FT209,NAD83,No,n_a,n_a,n_a,-111.2854682,57.24775204,GIS,point,N,High,32,TRUE,06/05/2014,heli
FT20907S,FT209,NAD83,No,n_a,n_a,n_a,-111.2829276,57.24541607,GIS,point,S,High,32,TRUE,06/05/2014,heli
FT20908G,FT209,NAD83,No,n_a,n_a,n_a,-111.2699838,57.23362852,GIS,point,G,High,87,TRUE,06/05/2014,heli
FT20909G,FT209,NAD83,No,n_a,n_a,n_a,-111.2637205,57.23479895,GIS,point,G,High,87,TRUE,06/05/2014,heli
FT20911N,FT209,NAD83,No,n_a,n_a,n_a,-111.311735,57.25170466,GIS,point,N,High,32,TRUE,06/05/2014,heli
FT20911P,FT209,NAD83,No,n_a,n_a,n_a,-111.3143463,57.24939504,GIS,point,P,High,32,TRUE,06/05/2014,heli
FT20990N,FT212,NAD83,No,n_a,n_a,n_a,-111.2974562,57.24544421,GPS,point,N,High,32,TRUE,06/05/2014,road
FT21201G,FT212,NAD83,No,n_a,n_a,n_a,-111.5592241,57.1583707,GIS,point,G,MediumLow,28,TRUE,6/30/2014,road
FT21202G,FT212,NAD83,No,n_a,n_a,n_a,-111.5593396,57.16196298,GIS,point,G,MediumLow,28,TRUE,6/30/2014,road
FT21203G,FT212,NAD83,No,n_a,n_a,n_a,-111.5594551,57.16555526,GIS,point,G,MediumLow,28,TRUE,6/30/2014,road
FT21204G,FT212,NAD83,No,n_a,n_a,n_a,-111.5528746,57.1655803,GIS,point,G,MediumLow,28,TRUE,6/30/2014,road
FT21204W,FT212,NAD83,No,n_a,n_a,n_a,-111.5415304,57.15522033,GIS,point,W,MediumLow,32,TRUE,6/30/2014,road
FT21205G,FT212,NAD83,No,n_a,n_a,n_a,-111.5527586,57.16198803,GIS,point,G,MediumLow,28,TRUE,6/30/2014,road
FT21205N,FT212,NAD83,No,n_a,n_a,n_a,-111.5216253,57.15538723,GIS,point,N,MediumLow,32,TRUE,6/30/2014,road
FT21205W,FT212,NAD83,No,n_a,n_a,n_a,-111.532644,57.15258554,GIS,point,W,MediumLow,32,TRUE,6/30/2014,road
FT21206G,FT212,NAD83,No,n_a,n_a,n_a,-111.5526425,57.15839575,GIS,point,G,MediumLow,28,TRUE,6/30/2014,road
FT21206N,FT212,NAD83,No,n_a,n_a,n_a,-111.5278793,57.15793037,GIS,point,N,MediumLow,32,TRUE,6/30/2014,road
FT21206S,FT212,NAD83,No,n_a,n_a,n_a,-111.5258776,57.16266767,GIS,point,S,MediumLow,32,TRUE,6/30/2014,road
FT21207G,FT212,NAD83,No,n_a,n_a,n_a,-111.5459536,57.15840387,GIS,point,G,MediumLow,28,TRUE,6/30/2014,road
FT21207N,FT212,NAD83,No,n_a,n_a,n_a,-111.53466,57.16106702,GIS,point,N,MediumLow,32,TRUE,6/30/2014,road
FT21207W,FT212,NAD83,No,n_a,n_a,n_a,-111.5312319,57.16455314,GIS,point,W,MediumLow,32,TRUE,6/30/2014,road
FT21208G,FT212,NAD83,No,n_a,n_a,n_a,-111.5460935,57.16199589,GIS,point,G,MediumLow,28,TRUE,6/30/2014,road
FT21209G,FT213,NAD83,No,n_a,n_a,n_a,-111.5462334,57.1655879,GIS,point,G,MediumLow,28,TRUE,6/30/2014,road
FT21301G,FT213,NAD83,No,n_a,n_a,n_a,-111.7363692,57.21253533,GIS,point,G,MediumHigh,32,TRUE,6/29/2014,road
FT21302G,FT213,NAD83,No,n_a,n_a,n_a,-111.7412805,57.21012534,GIS,point,G,MediumHigh,28,TRUE,6/29/2014,road
FT21303G,FT213,NAD83,No,n_a,n_a,n_a,-111.746191,57.20771515,GIS,point,G,MediumHigh,28,TRUE,6/29/2014,road
FT21304G,FT213,NAD83,No,n_a,n_a,n_a,-111.75056,57.21039146,GIS,point,G,MediumHigh,28,TRUE,6/29/2014,road
FT21305G,FT213,NAD83,No,n_a,n_a,n_a,-111.7456501,57.21280229,GIS,point,G,MediumHigh,28,TRUE,6/29/2014,road
FT21306G,FT213,NAD83,No,n_a,n_a,n_a,-111.7407396,57.21521293,GIS,point,G,MediumHigh,32,TRUE,6/29/2014,road
FT21306N,FT213,NAD83,No,n_a,n_a,n_a,-111.7588405,57.22564327,GIS,point,N,MediumHigh,32,TRUE,6/29/2014,road
FT21306P,FT213,NAD83,No,n_a,n_a,n_a,-111.7545827,57.22085558,GIS,point,P,MediumHigh,32,TRUE,6/29/2014,road
FT21307G,FT213,NAD83,No,n_a,n_a,n_a,-111.7451583,57.21794522,GIS,point,G,MediumHigh,32,TRUE,6/29/2014,road
FT21307N,FT213,NAD83,No,n_a,n_a,n_a,-111.7639384,57.22703737,GIS,point,N,MediumHigh,32,TRUE,6/29/2014,road
FT21307W,FT213,NAD83,No,n_a,n_a,n_a,-111.7542537,57.22398291,GIS,point,W,MediumHigh,32,TRUE,6/29/2014,road
FT21308G,FT213,NAD83,No,n_a,n_a,n_a,-111.7500524,57.21552456,GIS,point,G,MediumHigh,28,TRUE,6/29/2014,road
FT21309G,FT218,NAD83,No,n_a,n_a,n_a,-111.7549459,57.21310371,GIS,point,G,MediumHigh,28,TRUE,6/29/2014,heli
FT21801G,FT218,NAD83,No,n_a,n_a,n_a,-111.9204107,57.42162897,GIS,point,G,Low,32,TRUE,06/10/2014,heli
FT21802G,FT218,NAD83,No,n_a,n_a,n_a,-111.9144216,57.42320069,GIS,point,G,Low,32,TRUE,06/10/2014,heli
FT21803G,FT218,NAD83,No,n_a,n_a,n_a,-111.9084319,57.42477213,GIS,point,G,Low,32,TRUE,06/10/2014,heli
FT21803N,FT218,NAD83,No,n_a,n_a,n_a,-111.9427945,57.42691897,GIS,point,N,Low,87,TRUE,06/10/2014,heli
FT21803S,FT218,NAD83,No,n_a,n_a,n_a,-111.9422102,57.4237194,GIS,point,S,Low,87,TRUE,06/10/2014,heli
FT21804G,FT218,NAD83,No,n_a,n_a,n_a,-111.905596,57.42154057,GIS,point,G,Low,32,TRUE,06/10/2014,heli
FT21804N,FT218,NAD83,No,n_a,n_a,n_a,-111.9378984,57.42869047,GIS,point,N,Low,87,TRUE,06/10/2014,heli
FT21804W,FT218,NAD83,No,n_a,n_a,n_a,-111.9346569,57.42562725,GIS,point,W,Low,87,TRUE,06/10/2014,heli
FT21805G,FT218,NAD83,No,n_a,n_a,n_a,-111.9115847,57.41996869,GIS,point,G,Low,32,TRUE,06/10/2014,heli
FT21805N,FT218,NAD83,No,n_a,n_a,n_a,-111.9367495,57.42079577,GIS,point,N,Low,87,TRUE,06/10/2014,heli
FT21805S,FT218,NAD83,No,n_a,n_a,n_a,-111.9285383,57.42705991,GIS,point,S,Low,87,TRUE,06/10/2014,heli
FT21806G,FT218,NAD83,No,n_a,n_a,n_a,-111.9175729,57.41839651,GIS,point,G,Low,32,TRUE,06/10/2014,heli
FT21808G,FT218,NAD83,No,n_a,n_a,n_a,-111.9087409,57.41668812,GIS,point,G,Low,32,TRUE,06/10/2014,heli
FT21809G,FT218,NAD83,No,n_a,n_a,n_a,-111.9027635,57.41827183,GIS,point,G,Low,32,TRUE,06/10/2014,heli
FT21890G,FT219,NAD83,No,n_a,n_a,n_a,-111.915011,57.41456267,GPS,point,G,Low,32,TRUE,06/10/2014,heli
FT21901G,FT219,NAD83,No,n_a,n_a,n_a,-111.444129,57.53761001,GIS,point,G,MediumLow,32,TRUE,06/09/2014,heli
FT21902G,FT219,NAD83,No,n_a,n_a,n_a,-111.4439333,57.541201,GIS,point,G,MediumLow,32,TRUE,06/09/2014,heli
FT21902N,FT219,NAD83,No,n_a,n_a,n_a,-111.4228221,57.54258528,GIS,point,N,MediumLow,87,TRUE,06/09/2014,heli
FT21902S,FT219,NAD83,No,n_a,n_a,n_a,-111.4173776,57.54314768,GIS,point,S,MediumLow,87,TRUE,06/09/2014,heli
FT21903G,FT219,NAD83,No,n_a,n_a,n_a,-111.4437375,57.54479198,GIS,point,G,MediumLow,32,TRUE,06/09/2014,heli
FT21903N,FT219,NAD83,No,n_a,n_a,n_a,-111.4125407,57.53734117,GIS,point,N,MediumLow,87,TRUE,06/09/2014,heli
FT21903S,FT219,NAD83,No,n_a,n_a,n_a,-111.4133668,57.54077989,GIS,point,S,MediumLow,87,TRUE,06/09/2014,heli
FT21904G,FT219,NAD83,No,n_a,n_a,n_a,-111.4370941,57.54464983,GIS,point,G,MediumLow,32,TRUE,06/09/2014,heli
FT21904N,FT219,NAD83,No,n_a,n_a,n_a,-111.4044483,57.54320119,GIS,point,N,MediumLow,87,TRUE,06/09/2014,heli
FT21904S,FT219,NAD83,No,n_a,n_a,n_a,-111.4078242,57.54076797,GIS,point,S,MediumLow,87,TRUE,06/09/2014,heli
FT21905G,FT219,NAD83,No,n_a,n_a,n_a,-111.4372893,57.54105885,GIS,point,G,MediumLow,32,TRUE,06/09/2014,heli
FT21906G,FT219,NAD83,No,n_a,n_a,n_a,-111.4374845,57.53746786,GIS,point,G,MediumLow,32,TRUE,06/09/2014,heli
FT21907G,FT219,NAD83,No,n_a,n_a,n_a,-111.4307332,57.53730607,GIS,point,G,MediumLow,32,TRUE,06/09/2014,heli
FT21908G,FT219,NAD83,No,n_a,n_a,n_a,-111.4305621,57.5408974,GIS,point,G,MediumLow,32,TRUE,06/09/2014,heli
FT21909G,FT221,NAD83,No,n_a,n_a,n_a,-111.4303909,57.54448873,GIS,point,G,MediumLow,32,TRUE,06/09/2014,road
FT22101G,FT221,NAD83,No,n_a,n_a,n_a,-111.8621395,56.79856892,GIS,point,G,VeryLow,63,TRUE,07/01/2014,road
FT22102G,FT221,NAD83,No,n_a,n_a,n_a,-111.8555728,56.79847748,GIS,point,G,VeryLow,63,TRUE,07/01/2014,road
FT22102N,FT221,NAD83,No,n_a,n_a,n_a,-111.8393061,56.76980588,GIS,point,N,VeryLow,26,TRUE,07/01/2014,road
FT22102S,FT221,NAD83,No,n_a,n_a,n_a,-111.8552127,56.78314394,GIS,point,S,VeryLow,87,TRUE,07/01/2014,road
FT22103G,FT221,NAD83,No,n_a,n_a,n_a,-111.8493062,56.79852188,GIS,point,G,VeryLow,63,TRUE,07/01/2014,road
FT22104G,FT221,NAD83,No,n_a,n_a,n_a,-111.8624274,56.79496686,GIS,point,G,VeryLow,63,TRUE,07/01/2014,road
FT22104N,FT221,NAD83,No,n_a,n_a,n_a,-111.8317099,56.78339571,GIS,point,N,VeryLow,87,TRUE,07/01/2014,road
FT22105G,FT221,NAD83,No,n_a,n_a,n_a,-111.8558613,56.79487545,GIS,point,G,VeryLow,63,TRUE,07/01/2014,road
FT22106G,FT221,NAD83,No,n_a,n_a,n_a,-111.8493531,56.79488433,GIS,point,G,VeryLow,63,TRUE,07/01/2014,road
FT22107G,FT221,NAD83,No,n_a,n_a,n_a,-111.8627143,56.79139816,GIS,point,G,VeryLow,63,TRUE,07/01/2014,road
FT22107N,FT221,NAD83,No,n_a,n_a,n_a,-111.8163621,56.77414974,GIS,point,N,VeryLow,26,TRUE,07/01/2014,road
FT22107S,FT221,NAD83,No,n_a,n_a,n_a,-111.8238493,56.77075161,GIS,point,S,VeryLow,26,TRUE,07/01/2014,road
FT22108G,FT221,NAD83,No,n_a,n_a,n_a,-111.8561498,56.79127341,GIS,point,G,VeryLow,63,TRUE,07/01/2014,road
FT22108N,FT221,NAD83,No,n_a,n_a,n_a,-111.8421741,56.78602361,GIS,point,N,VeryLow,87,TRUE,07/01/2014,road
FT22108S,FT221,NAD83,No,n_a,n_a,n_a,-111.8190939,56.7719124,GIS,point,S,VeryLow,26,TRUE,07/01/2014,road
FT22109G,FT221,NAD83,No,n_a,n_a,n_a,-111.8493372,56.79131297,GIS,point,G,VeryLow,63,TRUE,07/01/2014,road
FT22174S,FT221,NAD83,No,n_a,n_a,n_a,-111.8232407,56.79187141,Map,point,S,VeryLow,87,TRUE,07/01/2014,road
FT22176N,FT221,NAD83,No,n_a,n_a,n_a,-111.8174246,56.78219053,MAP,point,N,VeryLow,26,TRUE,07/01/2014,road
FT22176S,FT222,NAD83,No,n_a,n_a,n_a,-111.8170043,56.79198211,Map,point,S,VeryLow,87,TRUE,07/01/2014,heli
FT22201G,FT222,NAD83,No,n_a,n_a,n_a,-111.6589175,56.79846055,GIS,point,G,VeryLow,28,TRUE,06/06/2014,heli
FT22201N,FT222,NAD83,No,n_a,n_a,n_a,-111.6259118,56.81843051,GIS,point,N,VeryLow,26,TRUE,06/06/2014,heli
FT22201S,FT222,NAD83,No,n_a,n_a,n_a,-111.625977,56.8219506,GIS,point,S,VeryLow,26,TRUE,06/06/2014,heli
FT22202G,FT222,NAD83,No,n_a,n_a,n_a,-111.6523516,56.79835842,GIS,point,G,VeryLow,28,TRUE,06/06/2014,heli
FT22202N,FT222,NAD83,No,n_a,n_a,n_a,-111.6343298,56.81838118,GIS,point,N,VeryLow,26,TRUE,06/06/2014,heli
FT22202S,FT222,NAD83,No,n_a,n_a,n_a,-111.6344039,56.82200965,GIS,point,S,VeryLow,26,TRUE,06/06/2014,heli
FT22203G,FT222,NAD83,No,n_a,n_a,n_a,-111.6460852,56.79839261,GIS,point,G,VeryLow,28,TRUE,06/06/2014,heli
FT22203N,FT222,NAD83,No,n_a,n_a,n_a,-111.6449383,56.81829796,GIS,point,N,VeryLow,26,TRUE,06/06/2014,heli
FT22203S,FT222,NAD83,No,n_a,n_a,n_a,-111.6445137,56.82201968,GIS,point,S,VeryLow,26,TRUE,06/06/2014,heli
FT22204G,FT222,NAD83,No,n_a,n_a,n_a,-111.6592248,56.7948592,GIS,point,G,VeryLow,28,TRUE,06/06/2014,heli
FT22204N,FT222,NAD83,No,n_a,n_a,n_a,-111.6389573,56.82463389,GIS,point,N,VeryLow,26,TRUE,06/06/2014,heli
FT22205G,FT222,NAD83,No,n_a,n_a,n_a,-111.6526597,56.79475709,GIS,point,G,VeryLow,28,TRUE,06/06/2014,heli
FT22205N,FT222,NAD83,No,n_a,n_a,n_a,-111.6553587,56.80531323,GIS,point,N,VeryLow,87,TRUE,06/06/2014,heli
FT22205S,FT222,NAD83,No,n_a,n_a,n_a,-111.6492071,56.80523769,GIS,point,S,VeryLow,28,TRUE,06/06/2014,heli
FT22206G,FT222,NAD83,No,n_a,n_a,n_a,-111.6461518,56.79475537,GIS,point,G,VeryLow,28,TRUE,06/06/2014,heli
FT22206N,FT222,NAD83,No,n_a,n_a,n_a,-111.6646529,56.82328404,GIS,point,N,VeryLow,87,TRUE,06/06/2014,heli
FT22206S,FT222,NAD83,No,n_a,n_a,n_a,-111.6669954,56.8167376,GIS,point,S,VeryLow,87,TRUE,06/06/2014,heli
FT22207G,FT222,NAD83,No,n_a,n_a,n_a,-111.659531,56.7912912,GIS,point,G,VeryLow,28,TRUE,06/06/2014,heli
FT22207N,FT222,NAD83,No,n_a,n_a,n_a,-111.6610506,56.81259098,GIS,point,N,VeryLow,87,TRUE,06/06/2014,heli
FT22207S,FT222,NAD83,No,n_a,n_a,n_a,-111.6731712,56.80752725,GIS,point,S,VeryLow,87,TRUE,06/06/2014,heli
FT22208G,FT222,NAD83,No,n_a,n_a,n_a,-111.6529676,56.79115576,GIS,point,G,VeryLow,28,TRUE,06/06/2014,heli
FT22209G,FT223,NAD83,No,n_a,n_a,n_a,-111.6461553,56.79118422,GIS,point,G,VeryLow,28,TRUE,06/06/2014,heli
FT22301G,FT223,NAD83,No,n_a,n_a,n_a,-111.5927438,56.71794436,GIS,point,G,VeryLow,32,TRUE,06/06/2014,heli
FT22302G,FT223,NAD83,No,n_a,n_a,n_a,-111.5861924,56.71783891,GIS,point,G,VeryLow,32,TRUE,06/06/2014,heli
FT22303G,FT223,NAD83,No,n_a,n_a,n_a,-111.5799395,56.71786992,GIS,point,G,VeryLow,32,TRUE,06/06/2014,heli
FT22304G,FT223,NAD83,No,n_a,n_a,n_a,-111.5930566,56.71434319,GIS,point,G,VeryLow,32,TRUE,06/06/2014,heli
FT22305G,FT223,NAD83,No,n_a,n_a,n_a,-111.5865058,56.71423777,GIS,point,G,VeryLow,32,TRUE,06/06/2014,heli
FT22306G,FT223,NAD83,No,n_a,n_a,n_a,-111.580012,56.71423276,GIS,point,G,VeryLow,32,TRUE,06/06/2014,heli
FT22306N,FT223,NAD83,No,n_a,n_a,n_a,-111.5942572,56.70231077,GIS,point,N,VeryLow,63,TRUE,06/06/2014,heli
FT22306S,FT223,NAD83,No,n_a,n_a,n_a,-111.5906367,56.69994679,GIS,point,S,VeryLow,63,TRUE,06/06/2014,heli
FT22307G,FT223,NAD83,No,n_a,n_a,n_a,-111.5933681,56.71077539,GIS,point,G,VeryLow,32,TRUE,06/06/2014,heli
FT22307N,FT223,NAD83,No,n_a,n_a,n_a,-111.5863177,56.70280716,GIS,point,N,VeryLow,63,TRUE,06/06/2014,heli
FT22307W,FT223,NAD83,No,n_a,n_a,n_a,-111.5895602,56.70521618,GIS,point,W,VeryLow,63,TRUE,06/06/2014,heli
FT22308G,FT223,NAD83,No,n_a,n_a,n_a,-111.5868191,56.71063662,GIS,point,G,VeryLow,32,TRUE,06/06/2014,heli
FT22308N,FT223,NAD83,No,n_a,n_a,n_a,-111.5806596,56.70318726,GIS,point,N,VeryLow,63,TRUE,06/06/2014,heli
FT22308S,FT223,NAD83,No,n_a,n_a,n_a,-111.5907859,56.70840276,GIS,point,S,VeryLow,63,TRUE,06/06/2014,heli
FT22309G,HF201,NAD83,No,n_a,n_a,n_a,-111.5800214,56.71066164,GIS,point,G,VeryLow,32,TRUE,06/06/2014,heli
HF20101G,HF201,NAD83,No,n_a,n_a,n_a,-111.9955783,56.65925655,GIS,point,G,VeryLow,63,TRUE,06/01/2014,heli
HF20101N,HF201,NAD83,No,n_a,n_a,n_a,-112.0179164,56.65993674,GIS,point,N,VeryLow,87,TRUE,06/01/2014,heli
HF20101S,HF201,NAD83,No,n_a,n_a,n_a,-112.0157088,56.66276453,GIS,point,S,VeryLow,87,TRUE,06/01/2014,heli
HF20102G,HF201,NAD83,No,n_a,n_a,n_a,-111.991665,56.66213216,GIS,point,G,VeryLow,63,TRUE,06/01/2014,heli
HF20102N,HF201,NAD83,No,n_a,n_a,n_a,-112.0104693,56.66103136,GIS,point,N,VeryLow,87,TRUE,06/01/2014,heli
HF20102S,HF201,NAD83,No,n_a,n_a,n_a,-112.0091414,56.66413622,GIS,point,S,VeryLow,87,TRUE,06/01/2014,heli
HF20103G,HF201,NAD83,No,n_a,n_a,n_a,-111.9877512,56.66500763,GIS,point,G,VeryLow,63,TRUE,06/01/2014,heli
HF20103S,HF201,NAD83,No,n_a,n_a,n_a,-112.0038325,56.66278237,GIS,point,S,VeryLow,87,TRUE,06/01/2014,heli
HF20104G,HF201,NAD83,No,n_a,n_a,n_a,-111.9825961,56.66283309,GIS,point,G,VeryLow,63,TRUE,06/01/2014,heli
HF20105G,HF201,NAD83,No,n_a,n_a,n_a,-111.9865092,56.6599574,GIS,point,G,VeryLow,63,TRUE,06/01/2014,heli
HF20106G,HF201,NAD83,No,n_a,n_a,n_a,-111.9904217,56.65708157,GIS,point,G,VeryLow,63,TRUE,06/01/2014,heli
HF20107G,HF201,NAD83,No,n_a,n_a,n_a,-111.9852005,56.65485749,GIS,point,G,VeryLow,63,TRUE,06/01/2014,heli
HF20108G,HF201,NAD83,No,n_a,n_a,n_a,-111.9813073,56.65774111,GIS,point,G,VeryLow,63,TRUE,06/01/2014,heli
HF20109G,HF202,NAD83,No,n_a,n_a,n_a,-111.9774134,56.6606246,GIS,point,G,VeryLow,63,TRUE,06/01/2014,heli
HF20201G,HF202,NAD83,No,n_a,n_a,n_a,-112.1100128,56.72568203,GIS,point,G,VeryLow,32,TRUE,06/01/2014,heli
HF20202G,HF202,NAD83,No,n_a,n_a,n_a,-112.1061011,56.72856122,GIS,point,G,VeryLow,32,TRUE,06/01/2014,heli
HF20203G,HF202,NAD83,No,n_a,n_a,n_a,-112.1021888,56.73144028,GIS,point,G,VeryLow,32,TRUE,06/01/2014,heli
HF20204G,HF202,NAD83,No,n_a,n_a,n_a,-112.097018,56.72927035,GIS,point,G,VeryLow,32,TRUE,06/01/2014,heli
HF20204N,HF202,NAD83,No,n_a,n_a,n_a,-112.0721257,56.70991509,GIS,point,N,VeryLow,28,TRUE,06/01/2014,heli
HF20204S,HF202,NAD83,No,n_a,n_a,n_a,-112.0712339,56.71399977,GIS,point,S,VeryLow,28,TRUE,06/01/2014,heli
HF20205G,HF202,NAD83,No,n_a,n_a,n_a,-112.1009295,56.72639107,GIS,point,G,VeryLow,32,TRUE,06/01/2014,heli
HF20205N,HF202,NAD83,No,n_a,n_a,n_a,-112.080281,56.7195285,GIS,point,N,VeryLow,28,TRUE,06/01/2014,heli
HF20205W,HF202,NAD83,No,n_a,n_a,n_a,-112.0623534,56.71575055,GIS,point,W,VeryLow,28,TRUE,06/01/2014,heli
HF20206G,HF202,NAD83,No,n_a,n_a,n_a,-112.1048404,56.72351165,GIS,point,G,VeryLow,32,TRUE,06/01/2014,heli
HF20206N,HF202,NAD83,No,n_a,n_a,n_a,-112.075339,56.71783344,GIS,point,N,VeryLow,28,TRUE,06/01/2014,heli
HF20206S,HF202,NAD83,No,n_a,n_a,n_a,-112.0570747,56.71658273,GIS,point,S,VeryLow,28,TRUE,06/01/2014,heli
HF20207G,HF202,NAD83,No,n_a,n_a,n_a,-112.0996033,56.72129223,GIS,point,G,VeryLow,32,TRUE,06/01/2014,heli
HF20208G,HF202,NAD83,No,n_a,n_a,n_a,-112.0957116,56.72417943,GIS,point,G,VeryLow,32,TRUE,06/01/2014,heli
HF20209G,HF202,NAD83,No,n_a,n_a,n_a,-112.0918194,56.72706649,GIS,point,G,VeryLow,32,TRUE,06/01/2014,heli
HF20211N,HF202,NAD83,No,n_a,n_a,n_a,-112.0672646,56.70843213,GIS,point,N,VeryLow,28,TRUE,06/01/2014,heli
HF20211S,HF204,NAD83,No,n_a,n_a,n_a,-112.0620085,56.71061049,GIS,point,S,VeryLow,28,TRUE,06/01/2014,heli
HF20401G,HF204,NAD83,No,n_a,n_a,n_a,-112.3276435,57.0893774,GIS,point,G,VeryLow,87,TRUE,06/02/2014,heli
HF20402G,HF204,NAD83,No,n_a,n_a,n_a,-112.3210476,57.08923703,GIS,point,G,VeryLow,87,TRUE,06/02/2014,heli
HF20402N,HF204,NAD83,No,n_a,n_a,n_a,-112.3518018,57.08256009,GIS,point,N,VeryLow,32,TRUE,06/02/2014,heli
HF20402S,HF204,NAD83,No,n_a,n_a,n_a,-112.3464238,57.08332225,GIS,point,S,VeryLow,32,TRUE,06/02/2014,heli
HF20403G,HF204,NAD83,No,n_a,n_a,n_a,-112.3144518,57.08909632,GIS,point,G,VeryLow,87,TRUE,06/02/2014,heli
HF20403N,HF204,NAD83,No,n_a,n_a,n_a,-112.3439847,57.07899982,GIS,point,N,VeryLow,32,TRUE,06/02/2014,heli
HF20403S,HF204,NAD83,No,n_a,n_a,n_a,-112.3359738,57.08219573,GIS,point,S,VeryLow,32,TRUE,06/02/2014,heli
HF20404G,HF204,NAD83,No,n_a,n_a,n_a,-112.3147776,57.08552475,GIS,point,G,VeryLow,87,TRUE,06/02/2014,heli
HF20404N,HF204,NAD83,No,n_a,n_a,n_a,-112.3311428,57.07080343,GIS,point,N,VeryLow,32,TRUE,06/02/2014,heli
HF20404S,HF204,NAD83,No,n_a,n_a,n_a,-112.3315284,57.07954089,GIS,point,S,VeryLow,32,TRUE,06/02/2014,heli
HF20405G,HF204,NAD83,No,n_a,n_a,n_a,-112.3213729,57.0856648,GIS,point,G,VeryLow,87,TRUE,06/02/2014,heli
HF20405N,HF204,NAD83,No,n_a,n_a,n_a,-112.292779,57.07407234,GIS,point,N,VeryLow,28,TRUE,06/02/2014,heli
HF20405S,HF204,NAD83,No,n_a,n_a,n_a,-112.3256256,57.07595699,GIS,point,S,VeryLow,32,TRUE,06/02/2014,heli
HF20406G,HF204,NAD83,No,n_a,n_a,n_a,-112.3279682,57.0858045,GIS,point,G,VeryLow,87,TRUE,06/02/2014,heli
HF20406N,HF204,NAD83,No,n_a,n_a,n_a,-112.3004967,57.07946369,GIS,point,N,VeryLow,28,TRUE,06/02/2014,heli
HF20406W,HF204,NAD83,No,n_a,n_a,n_a,-112.3035096,57.08209671,GIS,point,W,VeryLow,28,TRUE,06/02/2014,heli
HF20407G,HF204,NAD83,No,n_a,n_a,n_a,-112.3283292,57.08217429,GIS,point,G,VeryLow,87,TRUE,06/02/2014,heli
HF20407N,HF204,NAD83,No,n_a,n_a,n_a,-112.2946351,57.08015496,GIS,point,N,VeryLow,28,TRUE,06/02/2014,heli
HF20407P,HF204,NAD83,No,n_a,n_a,n_a,-112.2981578,57.08254734,GIS,point,P,VeryLow,28,TRUE,06/02/2014,heli
HF20408G,HF204,NAD83,No,n_a,n_a,n_a,-112.3217336,57.08204792,GIS,point,G,VeryLow,28,TRUE,06/02/2014,heli
HF20408N,HF204,NAD83,No,n_a,n_a,n_a,-112.3136801,57.074653,GIS,point,N,VeryLow,32,TRUE,06/02/2014,heli
HF20408P,HF204,NAD83,No,n_a,n_a,n_a,-112.2854827,57.0836525,GIS,point,P,VeryLow,28,TRUE,06/02/2014,heli
HF20409G,HF205,NAD83,No,n_a,n_a,n_a,-112.3151381,57.08192119,GIS,point,G,VeryLow,28,TRUE,06/02/2014,heli
HF20501G,HF205,NAD83,No,n_a,n_a,n_a,-112.1640706,57.1344775,GIS,point,G,VeryLow,26,TRUE,06/02/2014,heli
HF20501N,HF205,NAD83,No,n_a,n_a,n_a,-112.1709711,57.14468901,GIS,point,N,VeryLow,63,TRUE,06/02/2014,heli
HF20501S,HF205,NAD83,No,n_a,n_a,n_a,-112.1716909,57.13931957,GIS,point,S,VeryLow,63,TRUE,06/02/2014,heli
HF20502G,HF205,NAD83,No,n_a,n_a,n_a,-112.1577604,57.13554557,GIS,point,G,VeryLow,26,TRUE,06/02/2014,heli
HF20502N,HF205,NAD83,No,n_a,n_a,n_a,-112.1658522,57.14077654,GIS,point,N,VeryLow,63,TRUE,06/02/2014,heli
HF20502P,HF205,NAD83,No,n_a,n_a,n_a,-112.1670145,57.13774481,GIS,point,P,VeryLow,63,TRUE,06/02/2014,heli
HF20503G,HF205,NAD83,No,n_a,n_a,n_a,-112.15145,57.13661331,GIS,point,G,VeryLow,26,TRUE,06/02/2014,heli
HF20503N,HF205,NAD83,No,n_a,n_a,n_a,-112.1652849,57.14425606,GIS,point,N,VeryLow,63,TRUE,06/02/2014,heli
HF20503W,HF205,NAD83,No,n_a,n_a,n_a,-112.1617803,57.13852756,GIS,point,W,VeryLow,63,TRUE,06/02/2014,heli
HF20504G,HF205,NAD83,No,n_a,n_a,n_a,-112.1495618,57.13318807,GIS,point,G,VeryLow,26,TRUE,06/02/2014,heli
HF20504N,HF205,NAD83,No,n_a,n_a,n_a,-112.1589681,57.14478172,GIS,point,N,VeryLow,63,TRUE,06/02/2014,heli
HF20504P,HF205,NAD83,No,n_a,n_a,n_a,-112.1571277,57.14010837,GIS,point,P,VeryLow,63,TRUE,06/02/2014,heli
HF20505G,HF205,NAD83,No,n_a,n_a,n_a,-112.1558714,57.1321198,GIS,point,G,VeryLow,26,TRUE,06/02/2014,heli
HF20505N,HF205,NAD83,No,n_a,n_a,n_a,-112.153289,57.14432174,GIS,point,N,VeryLow,63,TRUE,06/02/2014,heli
HF20505P,HF205,NAD83,No,n_a,n_a,n_a,-112.151615,57.14145985,GIS,point,P,VeryLow,63,TRUE,06/02/2014,heli
HF20506G,HF205,NAD83,No,n_a,n_a,n_a,-112.1621806,57.13105121,GIS,point,G,VeryLow,26,TRUE,06/02/2014,heli
HF20506N,HF205,NAD83,No,n_a,n_a,n_a,-112.1480459,57.14543474,GIS,point,N,VeryLow,63,TRUE,06/02/2014,heli
HF20506P,HF205,NAD83,No,n_a,n_a,n_a,-112.1438529,57.14331586,GIS,point,P,VeryLow,63,TRUE,06/02/2014,heli
HF20507G,HF205,NAD83,No,n_a,n_a,n_a,-112.1602902,57.12756426,GIS,point,G,VeryLow,26,TRUE,06/02/2014,heli
HF20508G,HF205,NAD83,No,n_a,n_a,n_a,-112.1539888,57.12864546,GIS,point,G,VeryLow,26,TRUE,06/02/2014,heli
HF20509G,HF206,NAD83,No,n_a,n_a,n_a,-112.1476871,57.12972633,GIS,point,G,VeryLow,26,TRUE,06/02/2014,heli
HF20601G,HF206,NAD83,No,n_a,n_a,n_a,-111.2404929,57.52971683,GIS,point,G,MediumLow,26,TRUE,06/10/2014,heli
HF20602G,HF206,NAD83,No,n_a,n_a,n_a,-111.2402772,57.53330725,GIS,point,G,MediumLow,26,TRUE,06/10/2014,heli
HF20602N,HF206,NAD83,No,n_a,n_a,n_a,-111.2228731,57.52124746,GIS,point,N,MediumLow,28,TRUE,06/10/2014,heli
HF20602W,HF206,NAD83,No,n_a,n_a,n_a,-111.2218368,57.52427845,GIS,point,W,MediumLow,28,TRUE,06/10/2014,heli
HF20603G,HF206,NAD83,No,n_a,n_a,n_a,-111.2400615,57.53689767,GIS,point,G,MediumLow,26,TRUE,06/10/2014,heli
HF20604G,HF206,NAD83,No,n_a,n_a,n_a,-111.2334208,57.53674482,GIS,point,G,MediumLow,26,TRUE,06/10/2014,heli
HF20604N,HF206,NAD83,No,n_a,n_a,n_a,-111.2069374,57.51999734,GIS,point,N,MediumLow,28,TRUE,06/10/2014,heli
HF20604S,HF206,NAD83,No,n_a,n_a,n_a,-111.2128226,57.52418248,GIS,point,S,MediumLow,28,TRUE,06/10/2014,heli
HF20605G,HF206,NAD83,No,n_a,n_a,n_a,-111.233636,57.5331544,GIS,point,G,MediumLow,26,TRUE,06/10/2014,heli
HF20605N,HF206,NAD83,No,n_a,n_a,n_a,-111.2183223,57.51906435,GIS,point,N,MediumLow,28,TRUE,06/10/2014,heli
HF20605P,HF206,NAD83,No,n_a,n_a,n_a,-111.2072885,57.52734788,GIS,point,P,MediumLow,28,TRUE,06/10/2014,heli
HF20606G,HF206,NAD83,No,n_a,n_a,n_a,-111.2338511,57.52956398,GIS,point,G,MediumLow,26,TRUE,06/10/2014,heli
HF20606N,HF206,NAD83,No,n_a,n_a,n_a,-111.2240742,57.51818966,GIS,point,N,MediumLow,28,TRUE,06/10/2014,heli
HF20606P,HF206,NAD83,No,n_a,n_a,n_a,-111.2122525,57.52894132,GIS,point,P,MediumLow,28,TRUE,06/10/2014,heli
HF20607G,HF206,NAD83,No,n_a,n_a,n_a,-111.2271026,57.52939131,GIS,point,G,MediumLow,26,TRUE,06/10/2014,heli
HF20607N,HF206,NAD83,No,n_a,n_a,n_a,-111.2141663,57.53183832,GIS,point,N,MediumLow,28,TRUE,06/10/2014,heli
HF20607W,HF206,NAD83,No,n_a,n_a,n_a,-111.2085106,57.53176356,GIS,point,W,MediumLow,28,TRUE,06/10/2014,heli
HF20608G,HF206,NAD83,No,n_a,n_a,n_a,-111.2269116,57.53298212,GIS,point,G,MediumLow,26,TRUE,06/10/2014,heli
HF20609G,HF206,NAD83,No,n_a,n_a,n_a,-111.2267204,57.53657293,GIS,point,G,MediumLow,26,TRUE,06/10/2014,heli
HF20612N,HF206,NAD83,No,n_a,n_a,n_a,-111.2270197,57.54394031,GIS,point,N,MediumLow,63,TRUE,06/10/2014,heli
HF20612S,HF206,NAD83,No,n_a,n_a,n_a,-111.2211692,57.53783828,GIS,point,S,MediumLow,26,TRUE,06/10/2014,heli
HF20614N,HF206,NAD83,No,n_a,n_a,n_a,-111.2194726,57.54894194,GIS,point,N,MediumLow,63,TRUE,06/10/2014,heli
HF20614W,HF207,NAD83,No,n_a,n_a,n_a,-111.2215182,57.5461812,GIS,point,W,MediumLow,63,TRUE,06/10/2014,heli
HF20701G,HF207,NAD83,No,n_a,n_a,n_a,-110.6392409,57.27721749,GIS,point,G,VeryLow,32,TRUE,06/03/2014,heli
HF20701N,HF207,NAD83,No,n_a,n_a,n_a,-110.6331618,57.30137009,GIS,point,N,VeryLow,28,TRUE,06/03/2014,heli
HF20701W,HF207,NAD83,No,n_a,n_a,n_a,-110.6393582,57.30269416,GIS,point,W,VeryLow,28,TRUE,06/03/2014,heli
HF20702G,HF207,NAD83,No,n_a,n_a,n_a,-110.632596,57.27706048,GIS,point,G,VeryLow,32,TRUE,06/03/2014,heli
HF20702N,HF207,NAD83,No,n_a,n_a,n_a,-110.6356541,57.29586385,GIS,point,N,VeryLow,28,TRUE,06/03/2014,heli
HF20702S,HF207,NAD83,No,n_a,n_a,n_a,-110.6391034,57.29838102,GIS,point,S,VeryLow,28,TRUE,06/03/2014,heli
HF20703G,HF207,NAD83,No,n_a,n_a,n_a,-110.6262504,57.2770422,GIS,point,G,VeryLow,32,TRUE,06/03/2014,heli
HF20703N,HF207,NAD83,No,n_a,n_a,n_a,-110.6119907,57.29354056,GIS,point,N,VeryLow,63,TRUE,06/03/2014,heli
HF20703S,HF207,NAD83,No,n_a,n_a,n_a,-110.6351608,57.2881148,GIS,point,S,VeryLow,28,TRUE,06/03/2014,heli
HF20704G,HF207,NAD83,No,n_a,n_a,n_a,-110.6396535,57.27362062,GIS,point,G,VeryLow,32,TRUE,06/03/2014,heli
HF20704N,HF207,NAD83,No,n_a,n_a,n_a,-110.6126091,57.29981325,GIS,point,N,VeryLow,63,TRUE,06/03/2014,heli
HF20704W,HF207,NAD83,No,n_a,n_a,n_a,-110.6121416,57.30265043,GIS,point,W,VeryLow,63,TRUE,06/03/2014,heli
HF20705G,HF207,NAD83,No,n_a,n_a,n_a,-110.6330093,57.27346363,GIS,point,G,VeryLow,32,TRUE,06/03/2014,heli
HF20705N,HF207,NAD83,No,n_a,n_a,n_a,-110.6037603,57.30045017,GIS,point,N,VeryLow,63,TRUE,06/03/2014,heli
HF20705S,HF207,NAD83,No,n_a,n_a,n_a,-110.5969588,57.30257096,GIS,point,S,VeryLow,63,TRUE,06/03/2014,heli
HF20706G,HF207,NAD83,No,n_a,n_a,n_a,-110.6264203,57.27340745,GIS,point,G,VeryLow,32,TRUE,06/03/2014,heli
HF20707G,HF207,NAD83,No,n_a,n_a,n_a,-110.6400639,57.27005708,GIS,point,G,VeryLow,32,TRUE,06/03/2014,heli
HF20708G,HF207,NAD83,No,n_a,n_a,n_a,-110.6334224,57.26986678,GIS,point,G,VeryLow,32,TRUE,06/03/2014,heli
HF20708N,HF207,NAD83,No,n_a,n_a,n_a,-110.6222588,57.29097735,GIS,point,N,VeryLow,28,TRUE,06/03/2014,heli
HF20708S,HF207,NAD83,No,n_a,n_a,n_a,-110.6239937,57.28806344,GIS,point,S,VeryLow,28,TRUE,06/03/2014,heli
HF20709G,HF207,NAD83,No,n_a,n_a,n_a,-110.6265243,57.26983822,GIS,point,G,VeryLow,32,TRUE,06/03/2014,heli
HF20799N,HF207,NAD83,No,n_a,n_a,n_a,-110.6045375,57.29187438,GPS,point,N,VeryLow,63,TRUE,06/03/2014,heli
HF20799W,HF208,NAD83,No,n_a,n_a,n_a,-110.6123717,57.28805454,GPS,point,W,VeryLow,28,TRUE,06/03/2014,heli
HF20801G,HF208,NAD83,No,n_a,n_a,n_a,-110.6343791,57.2443924,GIS,point,G,VeryLow,26,TRUE,06/03/2014,heli
HF20801N,HF208,NAD83,No,n_a,n_a,n_a,-110.6150692,57.24807444,GIS,point,N,VeryLow,87,TRUE,06/03/2014,heli
HF20801S,HF208,NAD83,No,n_a,n_a,n_a,-110.627643,57.25901062,GIS,point,S,VeryLow,87,TRUE,06/03/2014,heli
HF20802G,HF208,NAD83,No,n_a,n_a,n_a,-110.6291296,57.24218355,GIS,point,G,VeryLow,26,TRUE,06/03/2014,heli
HF20802N,HF208,NAD83,No,n_a,n_a,n_a,-110.6142861,57.24166475,GIS,point,N,VeryLow,87,TRUE,06/03/2014,heli
HF20802W,HF208,NAD83,No,n_a,n_a,n_a,-110.6122711,57.24449029,GIS,point,W,VeryLow,87,TRUE,06/03/2014,heli
HF20803G,HF208,NAD83,No,n_a,n_a,n_a,-110.6239763,57.24018169,GIS,point,G,VeryLow,26,TRUE,06/03/2014,heli
HF20804G,HF208,NAD83,No,n_a,n_a,n_a,-110.6385509,57.24158667,GIS,point,G,VeryLow,26,TRUE,06/03/2014,heli
HF20805G,HF208,NAD83,No,n_a,n_a,n_a,-110.6333015,57.239378,GIS,point,G,VeryLow,26,TRUE,06/03/2014,heli
HF20805N,HF208,NAD83,No,n_a,n_a,n_a,-110.6155045,57.25129546,GIS,point,N,VeryLow,87,TRUE,06/03/2014,heli
HF20805S,HF208,NAD83,No,n_a,n_a,n_a,-110.6219564,57.25909652,GIS,point,S,VeryLow,87,TRUE,06/03/2014,heli
HF20806G,HF208,NAD83,No,n_a,n_a,n_a,-110.6279899,57.23726894,GIS,point,G,VeryLow,26,TRUE,06/03/2014,heli
HF20807G,HF208,NAD83,No,n_a,n_a,n_a,-110.6426848,57.23880733,GIS,point,G,VeryLow,26,TRUE,06/03/2014,heli
HF20808G,HF208,NAD83,No,n_a,n_a,n_a,-110.6374728,57.2365723,GIS,point,G,VeryLow,26,TRUE,06/03/2014,heli
HF20809G,HF209,NAD83,No,n_a,n_a,n_a,-110.6318794,57.23438893,GIS,point,G,VeryLow,26,TRUE,06/03/2014,heli
HF20901G,HF209,NAD83,No,n_a,n_a,n_a,-110.92608,56.71193321,GIS,point,G,VeryLow,32,TRUE,06/08/2014,heli
HF20901N,HF209,NAD83,No,n_a,n_a,n_a,-110.9370208,56.7183335,GIS,point,N,VeryLow,87,TRUE,06/08/2014,heli
HF20901W,HF209,NAD83,No,n_a,n_a,n_a,-110.9338293,56.72082979,GIS,point,W,VeryLow,87,TRUE,06/08/2014,heli
HF20902G,HF209,NAD83,No,n_a,n_a,n_a,-110.9208858,56.70973723,GIS,point,G,VeryLow,32,TRUE,06/08/2014,heli
HF20902N,HF209,NAD83,No,n_a,n_a,n_a,-110.9293372,56.71889366,GIS,point,N,VeryLow,87,TRUE,06/08/2014,heli
HF20902S,HF209,NAD83,No,n_a,n_a,n_a,-110.9251593,56.72085184,GIS,point,S,VeryLow,87,TRUE,06/08/2014,heli
HF20903G,HF209,NAD83,No,n_a,n_a,n_a,-110.9157882,56.70774804,GIS,point,G,VeryLow,32,TRUE,06/08/2014,heli
HF20903N,HF209,NAD83,No,n_a,n_a,n_a,-110.9130844,56.71910459,GIS,point,N,VeryLow,87,TRUE,06/08/2014,heli
HF20903S,HF209,NAD83,No,n_a,n_a,n_a,-110.9074811,56.72088106,GIS,point,S,VeryLow,87,TRUE,06/08/2014,heli
HF20904G,HF209,NAD83,No,n_a,n_a,n_a,-110.9301693,56.70911651,GIS,point,G,VeryLow,32,TRUE,06/08/2014,heli
HF20904N,HF209,NAD83,No,n_a,n_a,n_a,-110.9465774,56.69924207,GIS,point,N,VeryLow,26,TRUE,06/08/2014,heli
HF20904W,HF209,NAD83,No,n_a,n_a,n_a,-110.9534325,56.69992316,GIS,point,W,VeryLow,26,TRUE,06/08/2014,heli
HF20905G,HF209,NAD83,No,n_a,n_a,n_a,-110.9249752,56.70692071,GIS,point,G,VeryLow,32,TRUE,06/08/2014,heli
HF20905N,HF209,NAD83,No,n_a,n_a,n_a,-110.9401473,56.69619289,GIS,point,N,VeryLow,26,TRUE,06/08/2014,heli
HF20905W,HF209,NAD83,No,n_a,n_a,n_a,-110.9368752,56.69304062,GIS,point,W,VeryLow,26,TRUE,06/08/2014,heli
HF20906G,HF209,NAD83,No,n_a,n_a,n_a,-110.9197206,56.70482469,GIS,point,G,VeryLow,32,TRUE,06/08/2014,heli
HF20906N,HF209,NAD83,No,n_a,n_a,n_a,-110.9313106,56.69495767,GIS,point,N,VeryLow,26,TRUE,06/08/2014,heli
HF20906W,HF209,NAD83,No,n_a,n_a,n_a,-110.9260355,56.69284753,GIS,point,W,VeryLow,26,TRUE,06/08/2014,heli
HF20907G,HF209,NAD83,No,n_a,n_a,n_a,-110.9342215,56.70632631,GIS,point,G,VeryLow,32,TRUE,06/08/2014,heli
HF20907N,HF209,NAD83,No,n_a,n_a,n_a,-110.9007333,56.69591435,GIS,point,N,VeryLow,26,TRUE,06/08/2014,heli
HF20907W,HF209,NAD83,No,n_a,n_a,n_a,-110.8971872,56.69349876,GIS,point,W,VeryLow,26,TRUE,06/08/2014,heli
HF20908G,HF209,NAD83,No,n_a,n_a,n_a,-110.929064,56.70410404,GIS,point,G,VeryLow,32,TRUE,06/08/2014,heli
HF20909G,LB201,NAD83,No,n_a,n_a,n_a,-110.923531,56.7019344,GIS,point,G,VeryLow,32,TRUE,06/08/2014,road
LB20101G,LB201,NAD83,No,n_a,n_a,n_a,-111.3794354,54.91574812,GIS,point,G,Low,32,TRUE,5/25/2014,road
LB20102G,LB201,NAD83,No,n_a,n_a,n_a,-111.3731988,54.91566357,GIS,point,G,Low,28,TRUE,5/25/2014,road
LB20103G,LB201,NAD83,No,n_a,n_a,n_a,-111.3669622,54.91557871,GIS,point,G,Low,28,TRUE,5/25/2014,road
LB20103N,LB201,NAD83,No,n_a,n_a,n_a,-111.3831489,54.92390748,GIS,point,N,Low,32,TRUE,5/25/2014,road
LB20103W,LB201,NAD83,No,n_a,n_a,n_a,-111.3855266,54.92674703,GIS,point,W,Low,87,TRUE,5/25/2014,road
LB20104G,LB201,NAD83,No,n_a,n_a,n_a,-111.379702,54.91214243,GIS,point,G,Low,28,TRUE,5/25/2014,road
LB20104N,LB201,NAD83,No,n_a,n_a,n_a,-111.3854167,54.91690935,GIS,point,N,Low,32,TRUE,5/25/2014,road
LB20104S,LB201,NAD83,No,n_a,n_a,n_a,-111.3908343,54.92191812,GIS,point,S,Low,32,TRUE,5/25/2014,road
LB20105G,LB201,NAD83,No,n_a,n_a,n_a,-111.3734665,54.9120446,GIS,point,G,Low,28,TRUE,5/25/2014,road
LB20106G,LB201,NAD83,No,n_a,n_a,n_a,-111.3672311,54.91194645,GIS,point,G,Low,28,TRUE,5/25/2014,road
LB20106N,LB201,NAD83,No,n_a,n_a,n_a,-111.3517778,54.9315916,GIS,point,N,Low,87,TRUE,07/03/2014,road
LB20106S,LB201,NAD83,No,n_a,n_a,n_a,-111.3476256,54.92882376,GIS,point,S,Low,87,TRUE,07/03/2014,road
LB20107G,LB201,NAD83,No,n_a,n_a,n_a,-111.3799364,54.90856894,GIS,point,G,Low,28,TRUE,5/25/2014,road
LB20107N,LB201,NAD83,No,n_a,n_a,n_a,-111.3348254,54.9280631,GIS,point,N,Low,26,TRUE,07/03/2014,road
LB20107S,LB201,NAD83,No,n_a,n_a,n_a,-111.3408186,54.92912924,GIS,point,S,Low,26,TRUE,07/03/2014,road
LB20108G,LB201,NAD83,No,n_a,n_a,n_a,-111.3737015,54.90847048,GIS,point,G,Low,28,TRUE,5/25/2014,road
LB20109G,LB202,NAD83,No,n_a,n_a,n_a,-111.3674667,54.90837171,GIS,point,G,Low,28,TRUE,5/25/2014,road
LB20201G,LB202,NAD83,No,n_a,n_a,n_a,-111.3555446,54.98119788,GIS,point,G,MediumLow,28,TRUE,6/23/2014,road
LB20201N,LB202,NAD83,No,n_a,n_a,n_a,-111.3619573,54.97145822,GIS,point,N,MediumLow,32,TRUE,6/23/2014,road
LB20201S,LB202,NAD83,No,n_a,n_a,n_a,-111.3733178,54.972933,GIS,point,S,MediumLow,32,TRUE,6/23/2014,road
LB20202G,LB202,NAD83,No,n_a,n_a,n_a,-111.361774,54.98147874,GIS,point,G,MediumLow,28,TRUE,6/23/2014,road
LB20202N,LB202,NAD83,No,n_a,n_a,n_a,-111.3627995,54.97452937,GIS,point,N,MediumLow,32,TRUE,6/23/2014,road
LB20202S,LB202,NAD83,No,n_a,n_a,n_a,-111.3680923,54.97568351,GIS,point,S,MediumLow,32,TRUE,6/23/2014,road
LB20203G,LB202,NAD83,No,n_a,n_a,n_a,-111.3680035,54.98175927,GIS,point,G,MediumLow,28,TRUE,6/23/2014,road
LB20203N,LB202,NAD83,No,n_a,n_a,n_a,-111.3742813,54.97932434,GIS,point,N,MediumLow,32,TRUE,6/23/2014,road
LB20203S,LB202,NAD83,No,n_a,n_a,n_a,-111.3692611,54.97888153,GIS,point,S,MediumLow,32,TRUE,6/23/2014,road
LB20204G,LB202,NAD83,No,n_a,n_a,n_a,-111.3674538,54.98532126,GIS,point,G,MediumLow,28,TRUE,6/23/2014,road
LB20205G,LB202,NAD83,No,n_a,n_a,n_a,-111.3612236,54.98504133,GIS,point,G,MediumLow,28,TRUE,6/23/2014,road
LB20206G,LB202,NAD83,No,n_a,n_a,n_a,-111.3549936,54.98476108,GIS,point,G,MediumLow,28,TRUE,6/23/2014,road
LB20207G,LB202,NAD83,No,n_a,n_a,n_a,-111.3544041,54.98838076,GIS,point,G,MediumLow,28,TRUE,6/23/2014,road
LB20208G,LB202,NAD83,No,n_a,n_a,n_a,-111.3606364,54.98864777,GIS,point,G,MediumLow,28,TRUE,6/23/2014,road
LB20209G,WA201,NAD83,No,n_a,n_a,n_a,-111.3668689,54.98891447,GIS,point,G,MediumLow,28,TRUE,6/23/2014,road
WA20101G,WA201,NAD83,No,n_a,n_a,n_a,-113.6351212,55.83269973,GIS,point,G,Low,28,TRUE,6/20/2014,road
WA20102G,WA201,NAD83,No,n_a,n_a,n_a,-113.6293966,55.83110451,GIS,point,G,Low,28,TRUE,6/20/2014,road
WA20103G,WA201,NAD83,No,n_a,n_a,n_a,-113.6236725,55.82950903,GIS,point,G,Low,32,TRUE,6/20/2014,road
WA20104G,WA201,NAD83,No,n_a,n_a,n_a,-113.6265524,55.82631982,GIS,point,G,Low,32,TRUE,6/20/2014,road
WA20104N,WA201,NAD83,No,n_a,n_a,n_a,-113.651473,55.83432963,GIS,point,N,Low,28,TRUE,6/20/2014,road
WA20104S,WA201,NAD83,No,n_a,n_a,n_a,-113.6481179,55.83145515,GIS,point,S,Low,32,TRUE,6/20/2014,road
WA20105G,WA201,NAD83,No,n_a,n_a,n_a,-113.6322767,55.82791459,GIS,point,G,Low,32,TRUE,6/20/2014,road
WA20106G,WA201,NAD83,No,n_a,n_a,n_a,-113.6380014,55.82950909,GIS,point,G,Low,28,TRUE,6/20/2014,road
WA20107G,WA201,NAD83,No,n_a,n_a,n_a,-113.640955,55.82627416,GIS,point,G,Low,28,TRUE,6/20/2014,road
WA20108G,WA201,NAD83,No,n_a,n_a,n_a,-113.6352201,55.82469174,GIS,point,G,Low,32,TRUE,6/20/2014,road
WA20109G,WA202,NAD83,No,n_a,n_a,n_a,-113.6294857,55.82310905,GIS,point,G,Low,32,TRUE,6/20/2014,road
WA20201G,WA202,NAD83,No,n_a,n_a,n_a,-113.6342428,55.87216057,GIS,point,G,Low,32,TRUE,6/22/2014,road
WA20202G,WA202,NAD83,No,n_a,n_a,n_a,-113.6278589,55.87195422,GIS,point,G,Low,32,TRUE,6/22/2014,road
WA20202N,WA202,NAD83,No,n_a,n_a,n_a,-113.6149108,55.88280219,GIS,point,N,Low,28,TRUE,6/22/2014,road
WA20202P,WA202,NAD83,No,n_a,n_a,n_a,-113.613762,55.87898105,GIS,point,P,Low,28,TRUE,6/22/2014,road
WA20203G,WA202,NAD83,No,n_a,n_a,n_a,-113.621475,55.87174754,GIS,point,G,Low,32,TRUE,6/22/2014,road
WA20203N,WA202,NAD83,No,n_a,n_a,n_a,-113.6065524,55.88282679,GIS,point,N,Low,28,TRUE,6/22/2014,road
WA20203P,WA202,NAD83,No,n_a,n_a,n_a,-113.6051175,55.87902421,GIS,point,P,Low,28,TRUE,6/22/2014,road
WA20204G,WA202,NAD83,No,n_a,n_a,n_a,-113.6347334,55.86856066,GIS,point,G,Low,32,TRUE,6/22/2014,road
WA20204N,WA202,NAD83,No,n_a,n_a,n_a,-113.599409,55.87555066,GIS,point,N,Low,28,TRUE,6/22/2014,road
WA20204P,WA202,NAD83,No,n_a,n_a,n_a,-113.5963199,55.87908327,GIS,point,P,Low,28,TRUE,6/22/2014,road
WA20205G,WA202,NAD83,No,n_a,n_a,n_a,-113.6283514,55.86834105,GIS,point,G,Low,32,TRUE,6/22/2014,road
WA20206G,WA202,NAD83,No,n_a,n_a,n_a,-113.6219696,55.86812111,GIS,point,G,Low,32,TRUE,6/22/2014,road
WA20207G,WA202,NAD83,No,n_a,n_a,n_a,-113.6351889,55.86499233,GIS,point,G,Low,32,TRUE,6/22/2014,road
WA20207N,WA202,NAD83,No,n_a,n_a,n_a,-113.6114461,55.88539071,GIS,point,N,Low,28,TRUE,6/22/2014,road
WA20207P,WA202,NAD83,No,n_a,n_a,n_a,-113.6212658,55.85991562,GIS,point,P,Low,28,TRUE,6/22/2014,road
WA20208G,WA202,NAD83,No,n_a,n_a,n_a,-113.6288077,55.8647721,GIS,point,G,Low,32,TRUE,6/22/2014,road
WA20209G,WA205,NAD83,No,n_a,n_a,n_a,-113.6224265,55.86455154,GIS,point,G,Low,32,TRUE,6/22/2014,road
WA20501G,WA205,NAD83,No,n_a,n_a,n_a,-114.4937689,55.8911882,GIS,point,G,Low,32,TRUE,6/17/2014,road
WA20501N,WA205,NAD83,No,n_a,n_a,n_a,-114.4934835,55.8803144,GIS,point,N,Low,28,TRUE,6/17/2014,road
WA20501R,WA205,NAD83,No,n_a,n_a,n_a,-114.4886484,55.87785575,GIS,point,R,Low,28,TRUE,6/17/2014,road
WA20502G,WA205,NAD83,No,n_a,n_a,n_a,-114.4873522,55.89112826,GIS,point,G,Low,32,TRUE,6/17/2014,road
WA20503G,WA205,NAD83,No,n_a,n_a,n_a,-114.4812309,55.8912028,GIS,point,G,Low,32,TRUE,6/17/2014,road
WA20503N,WA205,NAD83,No,n_a,n_a,n_a,-114.5006598,55.8825586,GIS,point,N,Low,28,TRUE,6/18/2014,road
WA20503R,WA205,NAD83,No,n_a,n_a,n_a,-114.5091515,55.87766018,GIS,point,R,Low,28,TRUE,6/18/2014,road
WA20504G,WA205,NAD83,No,n_a,n_a,n_a,-114.4939941,55.88758279,GIS,point,G,Low,32,TRUE,6/17/2014,road
WA20504N,WA205,NAD83,No,n_a,n_a,n_a,-114.4816747,55.87096272,GIS,point,N,Low,28,TRUE,6/17/2014,road
WA20504S,WA205,NAD83,No,n_a,n_a,n_a,-114.4840648,55.86757407,GIS,point,S,Low,28,TRUE,6/17/2014,road
WA20505G,WA205,NAD83,No,n_a,n_a,n_a,-114.487578,55.88752286,GIS,point,G,Low,32,TRUE,6/17/2014,road
WA20506G,WA205,NAD83,No,n_a,n_a,n_a,-114.48122,55.88756302,GIS,point,G,Low,32,TRUE,6/17/2014,road
WA20506R,WA205,NAD83,No,n_a,n_a,n_a,-114.5216055,55.86732602,GIS,point,R,Low,28,TRUE,6/18/2014,road
WA20507G,WA205,NAD83,No,n_a,n_a,n_a,-114.4942188,55.88401076,GIS,point,G,Low,32,TRUE,6/17/2014,road
WA20507N,WA205,NAD83,No,n_a,n_a,n_a,-114.518788,55.87961205,GIS,point,N,Low,28,TRUE,6/18/2014,road
WA20507R,WA205,NAD83,No,n_a,n_a,n_a,-114.5042215,55.87773273,GIS,point,R,Low,28,TRUE,6/18/2014,road
WA20508G,WA205,NAD83,No,n_a,n_a,n_a,-114.4878037,55.88391746,GIS,point,G,Low,32,TRUE,6/17/2014,road
WA20508N,WA205,NAD83,No,n_a,n_a,n_a,-114.4882467,55.86589456,GIS,point,N,Low,28,TRUE,6/17/2014,road
WA20508S,WA205,NAD83,No,n_a,n_a,n_a,-114.5039009,55.86702388,GIS,point,S,Low,28,TRUE,6/17/2014,road
WA20581N,WA205,NAD83,No,n_a,n_a,n_a,-114.4993771,55.87596228,MAP,point,N,Low,32,TRUE,6/18/2014,road
WA20581R,WA205,NAD83,No,n_a,n_a,n_a,-114.47201,55.87782551,MAP,point,R,Low,32,TRUE,6/18/2014,road
WA20590G,WA206,NAD83,No,n_a,n_a,n_a,-114.4743873,55.88531441,GPS,point,G,Low,32,TRUE,6/18/2014,road
WA20601G,WA206,NAD83,No,n_a,n_a,n_a,-113.8671374,56.3350854,GIS,point,G,Low,32,TRUE,6/14/2014,road
WA20601N,WA206,NAD83,No,n_a,n_a,n_a,-113.8668711,56.32381905,GIS,point,N,Low,28,TRUE,6/14/2014,road
WA20601W,WA206,NAD83,No,n_a,n_a,n_a,-113.8604017,56.32414428,GIS,point,W,Low,28,TRUE,6/14/2014,road
WA20602G,WA206,NAD83,No,n_a,n_a,n_a,-113.8606681,56.33498609,GIS,point,G,Low,32,TRUE,6/14/2014,road
WA20603G,WA206,NAD83,No,n_a,n_a,n_a,-113.8544643,56.33503862,GIS,point,G,Low,32,TRUE,6/14/2014,road
WA20604G,WA206,NAD83,No,n_a,n_a,n_a,-113.8674407,56.33147904,GIS,point,G,Low,32,TRUE,6/14/2014,road
WA20604N,WA206,NAD83,No,n_a,n_a,n_a,-113.848648,56.32756089,GIS,point,N,Low,28,TRUE,6/14/2014,road
WA20604W,WA206,NAD83,No,n_a,n_a,n_a,-113.8469192,56.32418171,GIS,point,W,Low,28,TRUE,6/14/2014,road
WA20605G,WA206,NAD83,No,n_a,n_a,n_a,-113.8609726,56.33136644,GIS,point,G,Low,32,TRUE,6/14/2014,road
WA20605N,WA206,NAD83,No,n_a,n_a,n_a,-113.8343254,56.32813202,GIS,point,N,Low,28,TRUE,6/14/2014,road
WA20605W,WA206,NAD83,No,n_a,n_a,n_a,-113.838947,56.32581739,GIS,point,W,Low,28,TRUE,6/14/2014,road
WA20606G,WA206,NAD83,No,n_a,n_a,n_a,-113.8544995,56.33140176,GIS,point,G,Low,32,TRUE,6/14/2014,road
WA20607G,WA206,NAD83,No,n_a,n_a,n_a,-113.8677102,56.32790482,GIS,point,G,Low,32,TRUE,6/14/2014,road
WA20608G,WA206,NAD83,No,n_a,n_a,n_a,-113.8612428,56.32779159,GIS,point,G,Low,32,TRUE,6/14/2014,road
WA20609G,WA206,NAD83,No,n_a,n_a,n_a,-113.8545041,56.32782312,GIS,point,G,Low,32,TRUE,6/14/2014,road
WA20609N,WA206,NAD83,No,n_a,n_a,n_a,-113.8275168,56.33124347,GIS,point,N,Low,28,TRUE,6/14/2014,road
WA20609W,WA207,NAD83,No,n_a,n_a,n_a,-113.8341828,56.33161042,GIS,point,W,Low,28,TRUE,6/14/2014,road
WA20701G,WA207,NAD83,No,n_a,n_a,n_a,-113.6726786,56.98209705,GIS,point,G,VeryLow,28,TRUE,6/15/2014,road
WA20701N,WA207,NAD83,No,n_a,n_a,n_a,-113.6950552,56.97922283,GIS,point,N,VeryLow,32,TRUE,6/15/2014,road
WA20701S,WA207,NAD83,No,n_a,n_a,n_a,-113.6981124,56.98432353,GIS,point,S,VeryLow,32,TRUE,6/15/2014,road
WA20702G,WA207,NAD83,No,n_a,n_a,n_a,-113.6724819,56.98567363,GIS,point,G,VeryLow,28,TRUE,6/15/2014,road
WA20702N,WA207,NAD83,No,n_a,n_a,n_a,-113.7047071,56.97738513,GIS,point,N,VeryLow,32,TRUE,6/15/2014,road
WA20702S,WA207,NAD83,No,n_a,n_a,n_a,-113.7035799,56.98099735,GIS,point,S,VeryLow,32,TRUE,6/15/2014,road
WA20703G,WA207,NAD83,No,n_a,n_a,n_a,-113.6722509,56.9893079,GIS,point,G,VeryLow,28,TRUE,6/15/2014,road
WA20703N,WA207,NAD83,No,n_a,n_a,n_a,-113.710798,56.97867879,GIS,point,N,VeryLow,32,TRUE,6/15/2014,road
WA20703W,WA207,NAD83,No,n_a,n_a,n_a,-113.7164497,56.9781899,GIS,point,W,VeryLow,32,TRUE,6/15/2014,road
WA20704G,WA207,NAD83,No,n_a,n_a,n_a,-113.6795337,56.98217523,GIS,point,G,VeryLow,28,TRUE,6/15/2014,road
WA20704N,WA207,NAD83,No,n_a,n_a,n_a,-113.7102947,56.98183775,GIS,point,N,VeryLow,32,TRUE,6/15/2014,road
WA20704R,WA207,NAD83,No,n_a,n_a,n_a,-113.7046911,56.97423969,GIS,point,R,VeryLow,32,TRUE,6/15/2014,road
WA20705G,WA207,NAD83,No,n_a,n_a,n_a,-113.6790671,56.9857437,GIS,point,G,VeryLow,28,TRUE,6/15/2014,road
WA20706G,WA207,NAD83,No,n_a,n_a,n_a,-113.678563,56.98935639,GIS,point,G,VeryLow,28,TRUE,6/15/2014,road
WA20706N,WA207,NAD83,No,n_a,n_a,n_a,-113.6926003,56.9855612,GIS,point,N,VeryLow,32,TRUE,6/15/2014,road
WA20706S,WA207,NAD83,No,n_a,n_a,n_a,-113.6933687,56.98199098,GIS,point,S,VeryLow,32,TRUE,6/15/2014,road
WA20707G,WA207,NAD83,No,n_a,n_a,n_a,-113.6861051,56.98239368,GIS,point,G,VeryLow,28,TRUE,6/15/2014,road
WA20707R,WA207,NAD83,No,n_a,n_a,n_a,-113.6557986,56.97249318,GIS,point,R,VeryLow,32,TRUE,6/15/2014,road
WA20708G,WA207,NAD83,No,n_a,n_a,n_a,-113.6856392,56.98596153,GIS,point,G,VeryLow,28,TRUE,6/15/2014,road
WA20709G,WR200,NAD83,No,n_a,n_a,n_a,-113.6851372,56.98956096,GIS,point,G,VeryLow,28,TRUE,6/15/2014,road
WR20001G,WR200,NAD83,No,n_a,n_a,n_a,-112.514187,55.45159292,GIS,point,G,Low,26,TRUE,6/13/2014,road
WR20002G,WR200,NAD83,No,n_a,n_a,n_a,-112.5090633,55.44948541,GIS,point,G,Low,26,TRUE,6/13/2014,road
WR20003G,WR200,NAD83,No,n_a,n_a,n_a,-112.5039402,55.44737769,GIS,point,G,Low,26,TRUE,6/13/2014,road
WR20004G,WR200,NAD83,No,n_a,n_a,n_a,-112.5180081,55.44870931,GIS,point,G,Low,26,TRUE,6/13/2014,road
WR20004N,WR200,NAD83,No,n_a,n_a,n_a,-112.557226,55.4209814,GIS,point,N,Low,87,TRUE,6/13/2014,road
WR20004W,WR200,NAD83,No,n_a,n_a,n_a,-112.5482045,55.42638826,GIS,point,W,Low,87,TRUE,6/13/2014,road
WR20005G,WR200,NAD83,No,n_a,n_a,n_a,-112.5128984,55.44659119,GIS,point,G,Low,26,TRUE,6/13/2014,road
WR20005N,WR200,NAD83,No,n_a,n_a,n_a,-112.5548883,55.42781476,GIS,point,N,Low,87,TRUE,6/13/2014,road
WR20006G,WR200,NAD83,No,n_a,n_a,n_a,-112.5077891,55.44447286,GIS,point,G,Low,26,TRUE,6/13/2014,road
WR20006N,WR200,NAD83,No,n_a,n_a,n_a,-112.5452666,55.42039789,GIS,point,N,Low,87,TRUE,6/13/2014,road
WR20006P,WR200,NAD83,No,n_a,n_a,n_a,-112.5443647,55.42381175,GIS,point,P,Low,87,TRUE,6/13/2014,road
WR20007G,WR200,NAD83,No,n_a,n_a,n_a,-112.5217696,55.44584159,GIS,point,G,Low,26,TRUE,6/13/2014,road
WR20008G,WR200,NAD83,No,n_a,n_a,n_a,-112.5166607,55.44372311,GIS,point,G,Low,26,TRUE,6/13/2014,road
WR20009G,WR201,NAD83,No,n_a,n_a,n_a,-112.5115523,55.44160442,GIS,point,G,Low,26,TRUE,6/13/2014,road
WR20101G,WR201,NAD83,No,n_a,n_a,n_a,-112.5651772,55.48035799,GIS,point,G,Low,26,TRUE,6/14/2014,road
WR20101N,WR201,NAD83,No,n_a,n_a,n_a,-112.5351596,55.50158118,GIS,point,N,Low,87,TRUE,6/15/2014,road
WR20101R,WR201,NAD83,No,n_a,n_a,n_a,-112.5503684,55.50211687,GIS,point,R,Low,87,TRUE,6/15/2014,road
WR20102G,WR201,NAD83,No,n_a,n_a,n_a,-112.5588644,55.48009683,GIS,point,G,Low,26,TRUE,6/14/2014,road
WR20102N,WR201,NAD83,No,n_a,n_a,n_a,-112.53453,55.49757143,GIS,point,N,Low,87,TRUE,6/15/2014,road
WR20102R,WR201,NAD83,No,n_a,n_a,n_a,-112.5509981,55.49582902,GIS,point,R,Low,87,TRUE,6/15/2014,road
WR20103G,WR201,NAD83,No,n_a,n_a,n_a,-112.5525516,55.47983535,GIS,point,G,Low,26,TRUE,6/14/2014,road
WR20104G,WR201,NAD83,No,n_a,n_a,n_a,-112.5657596,55.47676321,GIS,point,G,Low,26,TRUE,6/14/2014,road
WR20105G,WR201,NAD83,No,n_a,n_a,n_a,-112.5594491,55.47648881,GIS,point,G,Low,26,TRUE,6/14/2014,road
WR20105N,WR201,NAD83,No,n_a,n_a,n_a,-112.5238119,55.47201639,GIS,point,N,Low,87,TRUE,6/14/2014,road
WR20105W,WR201,NAD83,No,n_a,n_a,n_a,-112.5291307,55.47095619,GIS,point,W,Low,87,TRUE,6/14/2014,road
WR20106G,WR201,NAD83,No,n_a,n_a,n_a,-112.5531387,55.47621409,GIS,point,G,Low,26,TRUE,6/14/2014,road
WR20106N,WR201,NAD83,No,n_a,n_a,n_a,-112.5428393,55.46711813,GIS,point,N,Low,87,TRUE,6/14/2014,road
WR20106R,WR201,NAD83,No,n_a,n_a,n_a,-112.5376295,55.46652657,GIS,point,R,Low,87,TRUE,6/14/2014,road
WR20107G,WR201,NAD83,No,n_a,n_a,n_a,-112.5663065,55.47319969,GIS,point,G,Low,26,TRUE,6/14/2014,road
WR20107N,WR201,NAD83,No,n_a,n_a,n_a,-112.531255,55.46752732,GIS,point,N,Low,87,TRUE,6/14/2014,road
WR20107R,WR201,NAD83,No,n_a,n_a,n_a,-112.5333429,55.46370201,GIS,point,R,Low,87,TRUE,6/14/2014,road
WR20108G,WR201,NAD83,No,n_a,n_a,n_a,-112.5599967,55.47292469,GIS,point,G,Low,26,TRUE,6/14/2014,road
WR20109G,WR201,NAD83,No,n_a,n_a,n_a,-112.5536869,55.47264936,GIS,point,G,Low,26,TRUE,6/14/2014,road
WR20109N,WR201,NAD83,No,n_a,n_a,n_a,-112.5237539,55.50223232,GIS,point,N,Low,87,TRUE,6/15/2014,road
WR20109S,WR203,NAD83,No,n_a,n_a,n_a,-112.5221874,55.49937928,GIS,point,S,Low,87,TRUE,6/15/2014,road
WR20301G,WR203,NAD83,No,n_a,n_a,n_a,-111.9095981,56.03599196,GIS,point,G,MediumHigh,87,TRUE,6/20/2014,road
WR20302G,WR203,NAD83,No,n_a,n_a,n_a,-111.9071615,56.03931677,GIS,point,G,MediumHigh,87,TRUE,6/20/2014,road
WR20303G,WR203,NAD83,No,n_a,n_a,n_a,-111.9047244,56.04264153,GIS,point,G,MediumHigh,87,TRUE,6/20/2014,road
WR20304G,WR203,NAD83,No,n_a,n_a,n_a,-111.8988397,56.04124945,GIS,point,G,MediumHigh,87,TRUE,6/20/2014,road
WR20305G,WR203,NAD83,No,n_a,n_a,n_a,-111.9012761,56.03792457,GIS,point,G,MediumHigh,87,TRUE,6/20/2014,road
WR20305N,WR203,NAD83,No,n_a,n_a,n_a,-111.8867453,56.04553147,GIS,point,N,MediumHigh,26,TRUE,6/20/2014,road
WR20305W,WR203,NAD83,No,n_a,n_a,n_a,-111.8996031,56.04806696,GIS,point,W,MediumHigh,26,TRUE,6/20/2014,road
WR20306G,WR203,NAD83,No,n_a,n_a,n_a,-111.9037121,56.03459963,GIS,point,G,MediumHigh,87,TRUE,6/20/2014,road
WR20306N,WR203,NAD83,No,n_a,n_a,n_a,-111.893133,56.05188101,GIS,point,N,MediumHigh,26,TRUE,6/20/2014,road
WR20306P,WR203,NAD83,No,n_a,n_a,n_a,-111.9097256,56.04991167,GIS,point,P,MediumHigh,26,TRUE,6/20/2014,road
WR20307G,WR203,NAD83,No,n_a,n_a,n_a,-111.8977425,56.0331687,GIS,point,G,MediumHigh,87,TRUE,6/20/2014,road
WR20307N,WR203,NAD83,No,n_a,n_a,n_a,-111.893477,56.0476054,GIS,point,N,MediumHigh,26,TRUE,6/20/2014,road
WR20307P,WR203,NAD83,No,n_a,n_a,n_a,-111.9124733,56.04697183,GIS,point,P,MediumHigh,26,TRUE,6/20/2014,road
WR20308G,WR203,NAD83,No,n_a,n_a,n_a,-111.8953282,56.03649855,GIS,point,G,MediumHigh,87,TRUE,6/20/2014,road
WR20309G,WR204,NAD83,No,n_a,n_a,n_a,-111.8929134,56.03982834,GIS,point,G,MediumHigh,87,TRUE,6/20/2014,road
WR20401G,WR204,NAD83,No,n_a,n_a,n_a,-111.9884441,56.01066653,GIS,point,G,High,87,TRUE,6/16/2014,road
WR20402G,WR204,NAD83,No,n_a,n_a,n_a,-111.9838442,56.01317165,GIS,point,G,High,87,TRUE,6/16/2014,road
WR20403G,WR204,NAD83,No,n_a,n_a,n_a,-111.9792437,56.01567658,GIS,point,G,High,87,TRUE,6/17/2014,road
WR20404G,WR204,NAD83,No,n_a,n_a,n_a,-111.974842,56.01308624,GIS,point,G,High,87,TRUE,6/17/2014,road
WR20405G,WR204,NAD83,No,n_a,n_a,n_a,-111.9794417,56.010581,GIS,point,G,High,87,TRUE,6/17/2014,road
WR20406G,WR204,NAD83,No,n_a,n_a,n_a,-111.9840408,56.00807559,GIS,point,G,High,87,TRUE,6/18/2014,road
WR20407G,WR204,NAD83,No,n_a,n_a,n_a,-111.9795884,56.00543061,GIS,point,G,High,87,TRUE,6/18/2014,road
WR20408G,WR204,NAD83,No,n_a,n_a,n_a,-111.975006,56.00794539,GIS,point,G,High,87,TRUE,6/18/2014,road
WR20409G,WR204,NAD83,No,n_a,n_a,n_a,-111.9704229,56.01045998,GIS,point,G,High,87,TRUE,6/18/2014,road
WR20410G,WR204,NAD83,No,n_a,n_a,n_a,-111.96261,56.01470459,GIS,point,G,High,26,TRUE,6/18/2014,road
WR20411G,WR204,NAD83,No,n_a,n_a,n_a,-111.9588591,56.0176203,GIS,point,G,High,26,TRUE,6/18/2014,road
WR20412G,WR204,NAD83,No,n_a,n_a,n_a,-111.9551077,56.0205359,GIS,point,G,High,26,TRUE,6/18/2014,road
WR20413G,WR204,NAD83,No,n_a,n_a,n_a,-111.949967,56.01841478,GIS,point,G,High,26,TRUE,6/17/2014,road
WR20414G,WR204,NAD83,No,n_a,n_a,n_a,-111.9537177,56.01549896,GIS,point,G,High,26,TRUE,6/18/2014,road
WR20415G,WR204,NAD83,No,n_a,n_a,n_a,-111.9574678,56.01258303,GIS,point,G,High,26,TRUE,6/17/2014,road
WR20416G,WR204,NAD83,No,n_a,n_a,n_a,-111.9522605,56.01041305,GIS,point,G,High,26,TRUE,6/17/2014,road
WR20417G,WR205,NAD83,No,n_a,n_a,n_a,-111.9485296,56.01333658,GIS,point,G,High,26,TRUE,6/17/2014,road
WR20501G,WR205,NAD83,No,n_a,n_a,n_a,-112.0839063,55.9900238,GIS,point,G,MediumLow,87,TRUE,6/19/2014,road
WR20502G,WR205,NAD83,No,n_a,n_a,n_a,-112.079315,55.99253258,GIS,point,G,MediumLow,87,TRUE,6/19/2014,road
WR20502N,WR205,NAD83,No,n_a,n_a,n_a,-112.0407665,55.97722466,GIS,point,P,MediumLow,26,TRUE,6/19/2014,road
WR20502P,WR205,NAD83,No,n_a,n_a,n_a,-112.041609,55.97419686,GIS,point,N,MediumLow,26,TRUE,6/19/2014,road
WR20503G,WR205,NAD83,No,n_a,n_a,n_a,-112.074723,55.99504118,GIS,point,G,MediumLow,87,TRUE,6/19/2014,road
WR20504G,WR205,NAD83,No,n_a,n_a,n_a,-112.0703172,55.99245419,GIS,point,G,MediumLow,87,TRUE,6/19/2014,road
WR20504N,WR205,NAD83,No,n_a,n_a,n_a,-112.0536982,55.98661742,GIS,point,N,MediumLow,26,TRUE,6/19/2014,road
WR20504P,WR205,NAD83,No,n_a,n_a,n_a,-112.0405006,55.99098011,GIS,point,P,MediumLow,26,TRUE,6/19/2014,road
WR20505G,WR205,NAD83,No,n_a,n_a,n_a,-112.0749083,55.9899453,GIS,point,G,MediumLow,87,TRUE,6/19/2014,road
WR20505N,WR205,NAD83,No,n_a,n_a,n_a,-112.0442686,55.97141029,GIS,point,N,MediumLow,26,TRUE,6/19/2014,road
WR20505P,WR205,NAD83,No,n_a,n_a,n_a,-112.0447031,55.99382215,GIS,point,P,MediumLow,87,TRUE,6/18/2014,road
WR20506G,WR205,NAD83,No,n_a,n_a,n_a,-112.0794988,55.98743622,GIS,point,G,MediumLow,87,TRUE,6/19/2014,road
WR20506N,WR205,NAD83,No,n_a,n_a,n_a,-112.0408001,55.98063841,GIS,point,N,MediumLow,26,TRUE,6/19/2014,road
WR20506P,WR205,NAD83,No,n_a,n_a,n_a,-112.0516886,55.99416585,GIS,point,P,MediumLow,87,TRUE,6/18/2014,road
WR20507G,WR205,NAD83,No,n_a,n_a,n_a,-112.0750421,55.98479464,GIS,point,G,MediumLow,87,TRUE,6/19/2014,road
WR20508G,WR205,NAD83,No,n_a,n_a,n_a,-112.0704682,55.98731306,GIS,point,G,MediumLow,26,TRUE,6/19/2014,road
WR20509G,WR205,NAD83,No,n_a,n_a,n_a,-112.0658938,55.98983131,GIS,point,G,MediumLow,26,TRUE,6/19/2014,road
